name,age,street,city,state,zip,lng,lat
Mark Taylor,30,9928 Joseph Plains,North Jason,Washington,78369,54.925266,-86.543859
Edwin Mccormick,56,5973 Kelly Gateway,Lake Chad,Arizona,16805,-132.106405,70.330405
Stephanie Gonzalez,57,1740 Tina Passage,Lake Derek,North Carolina,47902,46.970803,17.1564795
Julia Watson,18,971 Hahn Crescent Suite 259,South Jesse,South Dakota,37485,-6.947736,-20.9126225
Jason Cooper,63,4044 Joseph Oval,Shawnberg,Massachusetts,55961,-79.839062,46.1376805
Natalie Zamora,49,15086 Bailey Bypass Apt. 599,New Sherry,Michigan,35546,10.732455,-88.5856305
Gregory Skinner,24,2111 Patricia Road,Danielston,Minnesota,10761,-58.571037,70.3115615
Susan Wilson,65,735 Richard Spur Apt. 928,South Amandaside,Montana,18645,-135.276444,-76.3678755
Gene Osborne,60,273 Flores Underpass Suite 422,Sandrachester,North Dakota,56420,-144.775561,59.3707985
Christopher Graves,28,52595 Simpson Harbor,Candiceland,Alaska,06247,87.752758,83.8390985
Ashley Dean,61,49604 Brittany Ferry,Kaylaview,Montana,28314,100.467921,7.9030555
Dennis Doyle,48,2300 Owen Expressway,Deborahstad,Washington,09114,-13.380562,42.2115865
Craig Reynolds,35,913 Griffith Pine Apt. 331,Port Maryville,Florida,02080,49.792251,-78.3138815
Lisa Brown,57,009 Watkins Fort,Millerstad,Kentucky,55989,-119.371100,39.7783255
Lindsay Rodriguez,78,72406 Ho Knolls,East Juanhaven,Georgia,07410,-22.816843,43.230871
Daniel Henry,37,0699 Walter Parkway Suite 509,Williamsfurt,Maryland,58828,-39.514081,-52.521269
Amber Hunter,40,397 Kelly Plaza Suite 652,South Catherine,Rhode Island,61182,37.590747,72.3641295
Katherine Jackson,37,364 White Island Suite 831,Lindaview,Missouri,84315,-99.240856,-40.323141
Mrs. Morgan White,41,26994 Jacob Flat Apt. 987,West Wesleyville,Montana,73324,71.694574,-69.9884765
Andrea Smith,59,98754 Donna Rapids Suite 698,West Victoria,Mississippi,36549,-141.799037,66.5358715
Robert Robinson,57,9784 Ellis Lakes,Wendybury,Vermont,66716,-138.430386,84.880716
Lisa Gutierrez,37,90355 Richard Burgs Suite 158,Jamesfurt,Montana,33610,-172.364975,19.715410
Scott Dominguez,68,45436 Nguyen Branch,Lake Connorland,Iowa,41252,148.688419,56.898710
Joseph Miller,36,395 Johnson Gardens,Chrisside,Louisiana,41364,-46.604802,-27.4847455
Timothy Clark,31,22878 Jessica Forks,New Maryland,Missouri,82732,4.835505,-85.8547825
Kimberly Anderson,19,5796 Daniel Cliff,Timothyberg,Idaho,46680,-176.679985,0.657945
Anne Browning,35,407 Tran Grove,Justinshire,Oregon,68871,96.797732,28.314416
Stephen Morrison,20,3966 Jenkins Cape Suite 462,North Stephen,West Virginia,67203,-138.497085,29.273965
Timothy Weber,39,645 Dominguez Cliff Apt. 696,Longstad,Alabama,18878,158.626272,75.6398925
Rebecca Graham,43,6409 Amber Locks Suite 756,West Carrieland,Tennessee,67966,-122.184370,-1.0715685
Phillip Beard PhD,44,7182 Smith Fields Apt. 439,Julieview,Florida,63877,45.456072,-53.2931505
Pamela Frank,66,7404 Jennifer Forks Apt. 472,Lake Michaeltown,Missouri,54808,-171.649077,44.140302
Sydney Wilson,57,0462 Carter Field Apt. 767,Port Annaton,Utah,19559,137.884335,-42.2771105
Hailey Harrell,39,017 Martin Centers,Oliviaview,Illinois,61989,154.513684,-68.8084015
Russell Meyer,50,83008 Aimee Oval Apt. 926,North Amandatown,New Hampshire,22301,132.242539,50.8281615
Mrs. Shelby Thompson,53,5130 Pham Loop,South Robert,Hawaii,12826,157.169142,27.453792
Daniel Ferrell,27,5517 Dustin Ways,North Johnton,North Carolina,12908,-157.367991,23.821072
Jonathan Simmons,36,62021 Ramsey Turnpike Suite 062,Lake Jenniferton,Texas,98453,25.293525,75.4792665
Kathryn Davidson,73,8540 Morgan Rapids Apt. 358,Ericshire,Ohio,02759,-81.721082,1.8988985
Sara Hayes,51,55682 Cassandra Mill,Martinmouth,Wisconsin,36900,141.637490,-24.818381
Roberto Dennis,56,916 Brianna Rapids,South Teresahaven,Missouri,63236,-146.350008,-15.260592
Michelle Walker,27,2131 Jackson Ridges,Freemanport,Georgia,42216,-119.689062,38.707433
Shirley Hale,35,769 Howard Tunnel Apt. 703,Andersonmouth,Colorado,91442,-128.063933,-16.6462825
Jordan Elliott,40,941 Hardy Junctions Suite 143,Sotoside,Montana,94977,35.591209,-51.5718395
Richard Neal,52,619 Banks Manors Suite 765,Lake John,North Carolina,47535,18.948842,-25.1949425
Lawrence Woods,75,087 Lisa Valley Apt. 695,East Catherine,Wisconsin,08376,-38.012130,-76.9770425
April Cooley,27,9361 Keller Orchard Apt. 510,Cynthiafurt,Nevada,91902,67.176061,73.8855455
Stephanie Clark,72,1716 Mejia Flats Apt. 252,Gonzalezville,Utah,76529,57.286798,13.441668
Dana Keller,65,0407 Tara Turnpike,South Bethanyhaven,Michigan,84829,-31.020416,63.450680
Jeffrey White,48,905 Carol Land Apt. 285,Barrstad,Oregon,14093,-104.997467,16.235280
Linda Jones,33,6787 Carl Ferry,Shaneshire,Kansas,97639,-127.998745,-88.962267
Christopher Mason,69,4732 Hickman Crossroad,Markton,Massachusetts,62544,54.085049,-21.398928
John Lutz,75,1767 Fuller Mount,East Melodyville,Montana,33701,-152.086586,74.300466
Philip Jackson,27,95644 Alicia Port Apt. 298,Lake Jeffreymouth,Oregon,96113,-155.287966,80.9088215
Arthur Hill,20,77617 Murray Ports Suite 234,Lake Brenda,Louisiana,35596,82.875951,7.7936645
Dennis Ware,25,808 Gilmore Inlet Suite 756,Lake Hectorfort,West Virginia,88474,72.514002,31.0533345
Patricia Roberts,69,886 Brooks Track,West Kim,South Carolina,54872,-143.816186,-65.256185
Jack Williams,74,363 Rebecca Camp Suite 609,North Charles,Nebraska,31899,-50.602034,-73.845308
Steven Wilson,68,6246 Shelby Rapid Suite 545,Davidfurt,Nebraska,74375,169.189697,79.146425
James Owen,48,362 Ann Loaf,Burnsland,Oklahoma,40981,-176.052695,-3.054260
Gabrielle Salas,46,33214 Mitchell Mall Suite 526,Marieburgh,Alabama,55303,-46.284486,83.965311
Kevin Moore,24,12872 Miller Mews,New Susan,Texas,85705,-95.089752,17.820778
Jo Castillo,50,42018 Phillips Grove,Doughertyside,Georgia,48612,-31.684198,19.536173
Regina Thompson,22,088 Robertson Burgs,East Sheilafurt,Colorado,31442,-11.260015,-14.0244155
Christopher Strickland DDS,55,79277 Michael Greens,Coleview,North Carolina,58322,-109.602587,-22.709178
Carl Hooper,54,31571 Edwin Meadows Suite 507,Joycemouth,Wyoming,09347,-76.024877,18.771249
William Haynes,23,95596 Collins Drive Suite 393,South Erin,Hawaii,62907,-19.234011,-89.264749
Alexis Merritt,43,4498 Reyes Field,New Johnshire,Missouri,79313,-80.296437,-35.042109
Michael Collins,47,7751 Kennedy Fords Suite 731,Hancockton,Texas,51437,-42.783092,73.301268
Dale Woods,28,191 Michael Ridge Suite 030,Gordonmouth,Maine,70645,26.328623,-83.3038435
Haley Reyes,23,890 Adams Mountain Suite 984,Robinsonbury,Florida,10433,-51.764838,-48.423097
Monica Rios,64,19338 Jason Lane Suite 400,East Shannonview,South Dakota,00832,35.174031,-79.682850
Molly Gardner,25,9434 Graham Prairie,South Pamelafurt,Missouri,56642,-58.058677,59.5998435
Angel Wallace,37,299 Aaron Forest Suite 123,Mckenziebury,Hawaii,23416,-60.761343,82.4160185
Frederick Miller,59,7226 Tran Vista Suite 899,Wendyborough,North Dakota,33486,-132.607383,43.380354
Brandon York,46,204 Moore Valley Apt. 425,North Paultown,Oregon,20905,-175.274698,-16.735705
Maria Norton,79,1042 Bell Islands,Walkerbury,Montana,64716,-82.748092,19.5441675
Samuel Hawkins,36,5898 William Valley Suite 251,West Theresaview,Rhode Island,80664,-52.400288,16.419871
Luke Olson,21,419 Gross Key,New Matthewtown,Louisiana,57286,157.241458,55.677152
Caleb Kelly,32,49146 Blevins Harbors Suite 314,North Patrickchester,Oklahoma,12653,131.110913,-61.863805
Andrew Baker,32,12091 Torres Center,New Brittany,Colorado,92619,172.940678,-68.230273
Deborah Rangel,33,39600 Carter Crossroad Apt. 139,Mitchellview,Georgia,47621,-109.247079,-54.4240405
Sherri Dean,39,121 Fleming Divide,North Kelly,Virginia,54269,-116.037136,-63.3287265
Dana Gross,29,60614 Smith Dam,Cooperview,Missouri,03447,155.536473,24.6198755
Monica Moore MD,24,9755 Ashley Manor,Cameronmouth,Utah,13538,-95.061877,87.0053705
Jon Gonzalez,57,542 Ford Forges Apt. 990,Patricktown,Rhode Island,55740,-151.420797,14.9479995
Christopher Smith,51,38438 Miller Loop,Elizabethchester,Delaware,87542,-150.130924,0.143105
Michael Gutierrez,20,314 Brian Via,West Kristineview,Hawaii,36664,-124.372078,76.954192
Richard Ayala,39,89544 Thomas Spring,West Ronaldton,West Virginia,05502,2.343666,-12.171054
Jessica Cook,49,53106 Rachel Shores,Steeleport,Oklahoma,46275,-96.697789,-14.617850
Eric Colon,50,86833 Turner Orchard Apt. 407,New Michelle,Kentucky,85585,-60.912938,-89.145564
Juan Armstrong,64,064 Nicholas Hollow,West Michelle,South Carolina,71138,-41.839114,70.1725875
Jennifer Horne,72,847 Phillips Port,Rachelport,Colorado,09363,-163.863857,9.706361
Samuel Hughes,29,338 Owens Bypass,Mooreland,Idaho,62277,18.703908,-34.472890
Sarah Martinez,41,2583 Robinson Ports,Grahamshire,Utah,84251,-41.618515,-86.0342495
Stephen Blair,52,959 Young Stream Suite 367,East Johnville,North Dakota,31586,-35.366513,-18.9460845
Barry Wright,59,32729 Atkinson Island Suite 096,Port Seanburgh,North Carolina,35970,27.153862,-30.7847115
Kristy Warren,37,219 Janet Via Apt. 792,South Jamesfurt,Maine,58647,116.930814,-37.073232
Steven Adams,38,693 Victor Ridges,South Derekview,Massachusetts,43056,76.861892,-21.4983505
Corey Odonnell,80,22389 Michael Station Suite 410,West Amberburgh,New Jersey,03866,35.984619,33.9232395
Suzanne Rodgers,50,56312 Wong Greens Apt. 756,New Anthony,Texas,95766,-164.361426,-10.093157
Michael Rangel,60,4234 Thomas Fork Apt. 277,Lake Whitneytown,Connecticut,81842,-91.295506,20.5761895
Michael Ryan,66,570 Rodriguez Village Apt. 334,East Erinhaven,Kansas,26204,56.939539,-61.548255
Sheila Johnson,65,3369 Ruiz Drive,Port Scott,Missouri,45836,134.506903,-69.362303
Glenn Morales,53,1439 Glass Plains,Haydenborough,Hawaii,50431,45.359981,-60.957718
Scott Carter,25,6275 Sara Path,Jasonland,Wisconsin,23062,-51.347961,-20.8881215
Gary Marsh,74,9975 Abigail Mill,Kristinaborough,New Hampshire,13906,127.599877,76.604174
Travis Parrish,65,79636 Ray Trace,New Charles,Alabama,14974,-55.175795,-71.485477
Austin Willis,25,002 Phillip Forest,New Julie,Washington,37031,44.159238,-66.6925765
Lauren Henderson,79,56616 Nicole Inlet Apt. 280,Lake Jamesshire,Maine,87211,70.514309,-28.287273
Nicholas Ingram,65,1372 Kevin Roads Suite 906,North Pamela,North Dakota,70609,-55.025128,79.448074
Theresa Thomas,80,36421 Allen Corners Suite 852,Travisland,Kentucky,29717,165.777587,-28.4951795
Mary Marks,44,10290 Kelly Ford,Heidiside,South Carolina,44710,-116.326077,-65.087631
Matthew Ibarra,47,0994 Jacobs Forest,Davidview,Pennsylvania,20497,-11.573490,61.6940535
Joseph Lewis,31,79535 Jeanne Plaza,Escobarview,Pennsylvania,31161,-129.992562,72.0237575
Justin Hernandez,34,097 Johnson Mountain,East Justin,West Virginia,60952,127.894626,-72.4500825
Keith Ramirez,58,8900 Elizabeth Point,North Martinborough,Kentucky,56457,103.223572,-45.512609
Michelle Rivers,58,93824 Jensen Corner,Port Lisa,West Virginia,26180,166.509618,49.0120765
Jeff Hopkins,74,355 Edwards Trail Suite 265,Richardport,Missouri,58694,-108.145977,38.448924
Anthony Burgess,74,4482 Lee Extension,Port Yvette,Indiana,35055,-76.791102,28.658990
Timothy Jimenez,19,2703 Andrea Point Suite 780,Danielland,Kentucky,86171,-136.192268,30.4476425
Jacqueline Silva,25,37323 Justin Trail,Joseton,Oregon,71081,155.162868,23.906426
Joseph Gonzales,78,91091 Klein Orchard,Lake Hailey,Idaho,08680,57.726892,54.745803
Caitlyn Holmes,77,76399 Vazquez Island,Joanneberg,Massachusetts,09942,174.245795,-81.9897335
Tim Harris,80,8500 Flores Creek,South Mary,Louisiana,63766,17.488299,-71.6553665
Alexander Harding,19,8019 Lisa Islands,West Lauraborough,Maryland,73430,68.234989,30.478934
Antonio Sloan,32,5320 Susan Spring,Lake Maria,Wyoming,51357,55.612394,-65.855526
Stephen Bennett,50,7459 Gibson Skyway,Mendozaland,Colorado,72080,108.140515,-54.281609
Debra Jackson,80,8794 Carlson Fords Apt. 792,New Richard,Nevada,86167,-104.123280,-11.0375285
Natalie Maynard,71,393 Harrison Junction,Zacharyberg,Arizona,84729,80.201248,-46.0446625
Charlotte Bishop,24,074 Jones Branch,Carlaborough,Pennsylvania,68058,-35.352767,56.795721
Melissa Tran,66,635 Mary Course,Michaelshire,Missouri,50500,-115.632469,-15.0862935
Debbie Wolfe,18,1649 Jeffrey Divide,Mackchester,Michigan,37748,-170.070636,-84.137679
Juan Bright,43,9637 Stephanie Green,New Sylviastad,North Carolina,13547,-4.620600,26.4436235
Deborah Wiggins,58,8458 Delgado Viaduct,East Megan,Wyoming,19594,19.301382,26.5453775
Paige King,74,44107 Owens Key Suite 745,East Madelinemouth,Mississippi,73715,100.571759,-70.719146
Robert Zimmerman,35,9391 John Prairie,Garciaton,New Jersey,82313,-168.892851,-53.6855925
Natalie Howard,31,127 Winters Gardens Apt. 328,Gregorybury,Idaho,27825,-154.543386,-61.9435765
Corey Hughes,18,8604 Thomas Pike,Port Christopher,Iowa,81716,72.498911,-59.207454
Sean Rogers,67,27543 Scott Canyon,Lake Jacob,Hawaii,85538,-137.010780,57.983056
Tracy Pittman,64,550 Alexander Via,Davidchester,Mississippi,10676,145.338888,-78.842947
Jack Cox,24,1799 Brown Dam Apt. 088,South Michele,Missouri,17615,53.050846,-72.0832365
Daniel Brown,76,22465 Roman Knolls,Hodgesburgh,North Dakota,18470,23.538146,67.091298
Jacob Marquez,79,635 Victor Lane,New Joshua,Hawaii,66639,18.375732,3.3093195
Heather Chung,33,3173 Fox Club,Anthonyville,Massachusetts,21384,159.448870,-54.1688125
Carlos Golden,40,565 Rachael Plaza,Jimenezborough,Texas,77625,-77.638687,-80.687712
Steve Howe,28,3506 Benson Turnpike,Wagnerview,Kentucky,80785,176.842804,12.1398135
Yvonne Mosley,41,761 Michele Springs Apt. 626,Hornefort,Nevada,73661,100.665747,37.0094255
Patricia Bullock,24,15701 Kelly Haven Suite 244,Figueroaton,Rhode Island,62944,147.656021,5.7302025
Damon Cunningham,28,16421 Dennis Spurs,South Christina,Washington,13014,-131.660237,-28.1860585
Gregory Hayden,71,351 Melinda Bypass Apt. 021,Jonesport,New York,24960,-6.291428,78.4334265
Melissa Miller,41,6992 Petersen Mount,South Angelaton,Alabama,59891,5.628268,3.1715695
Sara Williams,58,273 Pope Canyon,South David,California,45056,174.525631,-30.106820
Sophia Morgan,28,032 Jean Inlet Suite 374,Joseland,Montana,81533,137.554059,67.974662
Ethan Garcia,59,26507 Martinez Meadow,Gayfurt,Kansas,60626,-125.460237,-54.3474735
James Anderson,53,399 Mikayla Motorway Apt. 982,West Patricia,Georgia,97890,-134.522980,22.0978565
Alexandra Scott,41,142 Tyler Port,New George,Louisiana,56635,117.113776,-34.153368
Wesley Hendricks,70,478 Kristy Causeway,New Johnberg,Maine,16547,-164.035006,53.7352755
Justin Reyes,63,02755 William Harbor Suite 666,North Stephanieborough,Alaska,49568,-150.203681,64.566713
Douglas Simpson,68,583 Brett Land,Richardchester,South Carolina,96001,-140.495806,69.5011285
Tracy Diaz,20,0677 Hodges Walk Apt. 218,West Joseph,Mississippi,70751,-167.708102,23.236387
Kenneth Adams,26,890 David Plaza,Chadland,Kentucky,02368,-101.753202,56.826223
Kayla Robinson,24,246 Williams Prairie,South Christopherstad,Connecticut,81532,-149.780645,-16.5576145
Craig Robinson,66,82771 Johnson Springs Apt. 366,North Kara,Louisiana,11463,44.692157,-59.374956
John Brooks,64,951 Villa Plains,Lake Kimberly,Arizona,13286,-165.995158,29.9223455
Michael Taylor,35,424 Goodwin Hill,South Michaelfurt,Missouri,07890,143.528433,-42.2143815
Greg Ellison,53,86134 Robert Forest,East Holly,Washington,84308,86.253726,-11.2400815
Jonathan Cain,29,95383 Rachael Isle,Lucasland,Missouri,21998,-123.785471,-66.778580
Scott Anderson,55,238 Jacob Parkway Apt. 026,Port Alyssaburgh,Idaho,53371,-12.696660,-41.1830165
Richard Wilson,64,9063 Allen Mountains,Anitaburgh,North Dakota,24683,-36.072758,-71.0255255
Stanley Romero,24,714 Daniel Islands,Port Gloriatown,Montana,51330,57.987874,66.2993525
Johnny Hunt,23,81410 Olson Flats,Sanchezstad,Wisconsin,53248,145.810735,36.1193665
Daniel Bailey,54,6282 Mullins Trail,Lake Diane,Iowa,53626,1.822757,-76.491801
Brian Hebert,29,22997 Briana Drives Suite 587,West Debra,Missouri,84148,77.349976,-7.0719595
Cathy Wheeler,55,660 Jones Heights Suite 706,Nancychester,Colorado,64333,28.820629,-88.411374
Ryan Lawrence,66,974 Davis Shores,Jennifershire,West Virginia,56474,119.970827,24.6591315
Ebony Lee MD,48,9805 Keith Station Apt. 234,North Victoriafurt,New Hampshire,16423,99.701190,28.592826
Regina Briggs,49,88764 Samuel Row,New Walter,New Mexico,22697,-146.133447,25.7175545
Matthew Warren,79,9324 Bean Row,West Roseberg,Pennsylvania,04423,-24.475706,10.742975
Jennifer Turner,32,359 Ellis Corners,Christinefort,North Carolina,66579,118.854972,-21.8503035
Bridget Powell,73,21851 Chad Mountain,Nicholsland,Wyoming,61053,97.273601,-44.328783
Cindy Martinez,48,7089 David Forks Apt. 251,Richardburgh,Hawaii,12728,151.870554,-80.0640185
Aaron Smith,59,60257 Mack Neck,South Charles,Connecticut,29565,15.478551,-59.716270
Christopher Williams,39,836 Larry Street Suite 146,West Thomasshire,Connecticut,26758,45.782739,-36.1500515
Jamie Garcia,18,867 Flores View,Lake Chad,Georgia,18064,-161.696933,-56.4884455
Zoe Murray,70,098 Cuevas Parkway Suite 608,Kristinchester,Washington,16057,-89.426526,47.123363
Robert Brown,52,508 Avery Centers,West Bonnie,Virginia,13173,88.706968,50.436849
Allison Ritter DDS,61,07086 Chase Terrace Suite 488,Pricebury,Colorado,96027,-157.229455,5.3653145
Edward White,35,602 Heather Ridge,Jeffreyshire,New Hampshire,40666,-25.460190,1.6643685
Mary Sanchez,53,3608 Alicia View Apt. 506,East Daniel,Kentucky,52674,65.227616,12.588871
David Garcia,35,4825 Heather Forest Apt. 721,New Lisaberg,North Dakota,81553,45.778563,28.0096685
Lisa Lang,79,795 Moses Alley Apt. 349,Whitechester,Maine,72244,7.785408,-61.564158
Edward Rich,49,27006 Grant Courts,Veronicatown,Illinois,62192,9.183832,18.8144555
Samuel Powell,39,694 Angela Lodge Suite 556,Juliaborough,Wyoming,34541,-73.493985,2.0674615
Nathaniel Schultz,59,709 Powell Ford Suite 902,Darinborough,Ohio,47164,158.575424,45.864579
Victor Andrews,18,647 Karen Dam Suite 996,Floresside,Michigan,32251,-27.138744,-19.872235
Brianna Robles,28,2329 Logan Plaza,Brianton,Pennsylvania,01216,-12.498431,24.6997915
Cynthia Lee,35,7617 Johnson Creek,Laurenside,Louisiana,44046,-7.707107,75.8729435
Roy Rios,32,13267 Vaughn Drive Suite 951,West Alan,New Hampshire,12902,43.381966,45.5108535
Anthony Bowman,72,2645 Johnny Stream,South Mariatown,Maine,64117,40.659026,24.0917945
Maria Davis,77,3066 Joshua Path Apt. 383,New Ryan,Texas,85909,6.316635,50.524311
Deborah Cruz,28,58628 Carolyn Plains,Collinsbury,Maine,22738,-72.760446,-48.4412465
Madeline Wells,55,443 Jamie Mills Apt. 153,Richardbury,Delaware,99909,110.742413,76.7353435
Katherine Smith,31,5078 Julie Land Suite 762,Jacobview,Tennessee,50863,-160.279069,87.131726
Megan Hatfield,77,6729 Juan Orchard,North Terrance,Illinois,29354,35.618191,-9.7355315
Mariah Miller,48,54376 Amanda Walks Suite 087,Amyside,Michigan,44038,115.902122,-41.424850
Stephanie Gomez,41,658 Nicole Lakes,Riveraview,Illinois,10432,-155.176198,18.879088
Joel Mcgee,66,24114 Carlson Throughway,West Amandaland,Illinois,18790,41.753534,-47.453122
Virginia Yates,23,24756 Wong Garden,Mendozamouth,Maine,76083,-172.153768,-19.8499945
Amy Lamb,36,1306 Davis Brooks,Chadchester,Alaska,05683,-156.306622,-78.7006975
Justin Garcia,28,179 Tracy Street,Coreyburgh,Wisconsin,01986,9.620312,59.216456
Heather Cooper MD,78,696 Price Port,West Katelynton,Utah,07401,-31.897974,62.4830325
Amanda Novak,66,699 Andrew Mill Suite 871,Port Peterview,Indiana,66049,169.109700,-28.583487
Paul Best,29,903 Christina Spur Suite 897,East Lisahaven,Ohio,89283,44.221421,51.7411125
Erica Green,48,95660 Hartman Extension Apt. 237,Shellyfurt,Alabama,02577,60.603936,48.7241105
Jeffrey Bennett,48,82119 Griffin Station,Cynthiaton,Arizona,72915,-135.226378,29.609538
Joseph Vargas,79,6623 Elizabeth Court Suite 754,Haysmouth,Georgia,31841,69.015561,23.528996
Heather Powell,32,8593 Harris Road,Fosterside,New Hampshire,51603,74.034283,-84.3029695
Wesley Curtis,19,7677 Sean View,Karamouth,South Dakota,62851,-105.845566,-40.1208125
Tamara Rogers,70,53708 Rogers Land,South James,Utah,57687,59.253065,-19.2491505
John Goodman,61,22138 Anthony Vista Apt. 614,Trujilloberg,Idaho,65424,-57.848212,54.9555475
Michele Owens,75,87998 Williams Village Apt. 622,West Sheila,Virginia,05423,15.582500,63.942421
Benjamin Baldwin IV,40,9796 Mcneil Common,Doylefurt,Indiana,65036,-163.613350,77.9180435
Michael Blankenship,55,93914 Stephanie Mission Apt. 453,South Jason,Utah,51820,-43.703126,-24.9556895
Tracy Johnson,73,3397 Briana Union Apt. 446,Port Jerrymouth,Connecticut,24543,120.379988,-62.337238
Seth Reed,30,647 Paul Glen Apt. 878,New Whitney,Tennessee,36126,80.028622,-78.419982
Eric Woods,62,556 Jeffrey Rest Suite 058,Charlesburgh,Oregon,57504,119.275766,-11.9120975
Gregory Christensen,22,48656 Eric Pass,Harrisport,Kentucky,47442,105.632149,-73.988415
Michelle Pollard,40,56942 Tiffany Courts Apt. 833,Meyerstad,Ohio,24565,87.096387,-81.1453195
Lauren Taylor,59,426 Jimenez Hollow,East Kennethton,Idaho,34916,75.809533,53.805469
Amanda Perez,35,437 Patrick Manors Apt. 647,Kathrynmouth,Colorado,38906,67.893630,51.157450
Melissa Hogan MD,59,42929 Nicholas Divide,West Michelle,Maryland,95490,-155.188274,24.6938305
Anthony Kim,30,9855 Walker Key,Lake Dennischester,Iowa,52175,-162.198979,-12.5224905
Debra Acosta,54,2846 Claire Avenue,Donnamouth,New Hampshire,52017,-127.246017,-78.9145975
Linda Barker,41,8498 Cathy Forges Apt. 128,West Andreatown,Iowa,13695,-162.218304,-83.239878
Mary Elliott,27,64181 Horn Gateway Apt. 193,Mariebury,New York,06774,-131.934574,-79.643110
Jason Ellis,63,357 Rebecca Fords,Jacobberg,Arkansas,63421,132.312630,80.462064
Taylor Thompson,43,994 Laura Expressway Suite 412,Port Reginaview,Michigan,13598,13.888288,10.1680085
James Young,72,306 Reese Causeway Suite 033,Bradyburgh,Nevada,68832,-160.180785,89.3969295
Dustin Hatfield,73,0880 Farrell Falls Apt. 598,Michaelchester,Iowa,25166,21.414469,-54.079706
Jacqueline Lawrence,71,0582 Frank Viaduct Apt. 742,Lake Jessicaport,Wisconsin,20150,-129.848791,45.7201135
Ernest Smith,58,46830 Anderson Glen,Michellestad,Arkansas,77724,-25.799102,51.898946
Steven Young,45,8947 Katherine Locks Apt. 208,East Diana,Arkansas,33885,94.507976,-78.6969095
Anthony Bryant,73,66791 Adams Fork Suite 617,Amyfurt,Wisconsin,40192,-140.259083,-17.122149
Megan Thompson,64,59805 Jackson Spur,North Tammymouth,New Hampshire,57420,-104.339800,61.9009405
Lisa Henderson,64,048 Nicholas Square,Smithbury,Wyoming,11520,-101.022287,-1.4450395
David Knox,31,40343 Kane Oval,Marshallstad,South Dakota,54486,-95.110419,43.3797065
Robert Flores,67,7405 Wilson Manor,North Deborahberg,South Carolina,19767,21.965582,40.802622
Megan Lane,52,40863 Susan Path Suite 684,Carrview,Utah,04350,-75.348665,11.464623
Carol Johnston,72,238 Timothy Street Apt. 939,Dixonfurt,South Carolina,68769,147.202286,-39.294465
Matthew Stevenson,78,806 Henry Mountain Apt. 415,East Robinville,Kentucky,88002,48.581335,-41.528308
Omar Hall,60,6192 Matthew Island,Christopherfurt,Hawaii,72963,-178.343418,-10.5155355
Michael Garcia,51,0918 Reilly Greens,South Jared,Kentucky,88111,31.063966,83.3307445
Mary Rhodes,61,49673 Juarez Hill,Amandamouth,Montana,22639,-169.621811,10.523789
Michael Curtis,62,919 Elizabeth Corners,Geneland,North Carolina,79110,42.676310,73.9651185
Whitney Flores,45,892 Rose Squares,Port Markbury,Utah,47096,90.259455,-79.5540825
John Sampson,64,91180 Cynthia Stravenue Suite 528,North Ronaldhaven,Connecticut,83522,165.661022,46.313374
Rachel Ramirez,52,39600 Eric Alley,West Joshuaside,Idaho,56930,37.991025,-27.922413
Joshua Sanders,60,142 Cassandra Summit Apt. 668,North Dennismouth,Delaware,77854,159.879894,-27.044647
Tiffany Stevenson,75,04432 Tammy Gardens,Mccallchester,Wyoming,43225,96.797399,-89.828770
Thomas Grant,30,873 Cook Junction,East Brendan,North Dakota,48198,110.596228,-82.764340
Kevin Griffith,63,603 Howard Squares Apt. 460,North Jason,Rhode Island,80634,145.187278,-1.991540
Wesley Smith,22,16195 Jason Falls Apt. 550,Port John,West Virginia,84257,132.281126,-22.5085265
Brandy Reeves,39,111 Doyle Fields,Harpertown,South Carolina,93942,12.936458,27.1998105
Kelli Ward,18,543 David Loop Apt. 222,Gutierrezmouth,Nevada,56654,108.243529,-0.5087635
Jessica Branch,50,401 Jonathan Tunnel Suite 582,Tracybury,Maine,12977,-16.848369,26.745727
Erica Watson,21,231 Erica Coves Suite 279,Cherylville,Texas,45686,171.310514,85.990912
Mr. Daniel Jones,44,0064 Daniels Curve,Shawport,Tennessee,63299,171.164293,70.0130725
Angela Lowe,76,46416 Randolph Freeway Apt. 593,North Grantmouth,New Mexico,41130,-55.737206,74.5355215
Timothy Tran,32,8747 Richmond Landing,North Julieville,Illinois,15361,88.424356,75.6575785
Steven Riley,80,5332 Rodney Passage,East Monica,Hawaii,71809,-11.015137,-80.8539425
Vicki Wright,69,177 Austin Plain Suite 417,South Amanda,Arkansas,48216,88.331264,-1.303267
Sara Webster,21,41628 Schroeder Terrace Suite 014,South Donna,Connecticut,03973,109.057374,83.174700
Mr. James Adams,26,369 Charlotte Forest Suite 859,New Aaronville,Pennsylvania,78630,95.524842,15.793303
Brian Dorsey,74,7280 Hardin Village Apt. 499,West Samuelside,Tennessee,67631,154.615061,-5.5630985
Karen Davis,47,710 Lopez Isle,West Barbara,Idaho,53832,123.227544,-25.4785045
Jessica Sullivan,49,38262 Jeremiah Point Suite 574,East Paul,Texas,62310,162.769167,-71.1851405
Anne Thornton,70,92407 Tyler Camp Apt. 410,Bensonborough,Alabama,22381,154.921861,-52.292502
Sarah Mason,79,52325 Sanchez Avenue Suite 199,Lake Jacquelineview,Michigan,93560,46.801319,-46.1582515
Peter Orozco,80,180 David Route Apt. 768,New Jennifer,Florida,94560,-108.772412,-47.779861
Lisa Jones,24,508 Peterson Ford,Anthonyfort,Wisconsin,47525,53.664498,22.102912
Jessica Kim,19,23163 Kimberly Summit,Patrickland,Utah,86372,-167.512269,-5.5942295
Cynthia Perez,39,22507 Gabrielle Harbors Apt. 969,West Eddieville,Georgia,39898,-160.006016,-11.6824445
Sarah Powers,37,401 Hall Cove,Lake Christinetown,Pennsylvania,21279,-117.817837,30.455553
Kathy Fisher,65,72354 Glenn Manor Suite 682,Meganbury,Kentucky,36807,-4.127525,-31.6701655
Whitney Parker,20,2500 Mercado Green Suite 968,Mendezbury,Alabama,46076,-136.211230,57.0744025
Arthur Hanna,76,999 Joel Trail,Lake Katelynside,Alabama,37196,-56.346061,20.8382345
Richard Thornton,47,4600 Laura Burgs,Hintontown,Hawaii,42818,-28.485385,-59.2124625
Suzanne Kelley,21,172 Fernando Landing,Port Nicolebury,South Dakota,26275,-136.816114,-28.1179435
James Williams,74,426 Miller Islands Apt. 178,North Teresaburgh,New Jersey,28595,-142.339471,-22.0622515
Robert Gonzales,37,9822 Adams Place Apt. 268,Natalieborough,Maine,91143,62.430408,-41.7280575
Jamie Hill,53,5552 Saunders Branch,Aaronton,New Jersey,58390,19.663934,-86.564762
Brian Barnes,43,62558 Black Flats Apt. 426,Port Nicoleport,North Dakota,35766,36.501552,-15.9108575
Brenda York,20,185 Douglas Drive Apt. 137,Christopherville,Illinois,19940,33.625878,-21.0807875
Cameron Robinson,77,187 Erika Forge Suite 328,Danielfurt,Nevada,39479,175.701522,61.073046
Ashley Patterson,18,478 Shannon Ridges,Jonesburgh,Iowa,14351,171.786544,-27.1884255
John Chan,57,85324 Joann Walk Apt. 861,New Garychester,Michigan,38058,-78.002430,-71.6904015
Vincent Brady,38,014 Oscar Rest Apt. 275,Brownville,Oklahoma,97285,56.474733,-67.4332635
Cathy Jackson,56,1281 Powers Prairie Apt. 113,Grantside,Utah,42436,-122.882068,62.792774
Amber Wood,48,27411 Michelle Port,New Vanessa,Kentucky,32979,-65.270861,-84.230115
Keith Gray,35,466 Angela Vista,Ianville,South Carolina,42161,-51.375235,41.933074
Richard Shaffer,21,0427 Sara Creek Suite 151,Paulview,Indiana,17138,31.725293,-58.2186985
Amy Valentine,73,82109 Oliver Hill Apt. 235,New Jasonberg,Kentucky,30567,34.071198,-64.128673
Dominique Sellers,68,81543 Brooks Spur,Hannahmouth,Texas,26726,-135.784760,-39.1754145
John Wood,53,31109 Anthony Lake Apt. 267,South Meghanberg,Florida,39552,-168.296600,36.895621
Carol Velasquez,51,022 Charles Rue,East Richardside,Washington,86712,-11.539202,-19.0187285
Dr. Robert Mayer Jr.,18,6161 Amanda Fields Apt. 044,Lake Benjaminshire,Indiana,12628,170.757269,-11.7477775
Jasmine Jones,51,22903 Smith Lodge Apt. 246,West Belindachester,Alaska,85584,98.295540,-56.8824855
Stephen Walker,23,3867 Gregory Stream,Pinedafort,Massachusetts,90529,-53.044866,38.193928
Barry Simmons,48,25097 Ross Street Suite 724,Port Vanessa,Delaware,66380,-41.996326,-1.032271
Molly Bennett,61,4366 York Mountain Apt. 705,New Jasmine,Oklahoma,52658,-32.806745,81.478693
Robert Combs,22,2085 Mccormick View Suite 364,Paulberg,California,56067,3.002338,-15.848822
Kaitlyn Wong,35,2410 Cheryl Parkways,Port Susan,South Dakota,69812,-125.451551,52.408074
Lindsey Coleman,71,07094 Nicole Throughway Apt. 383,Port Dominique,Kentucky,25329,-71.253999,41.612586
Jessica Norris,68,952 David Expressway,Owensport,Illinois,02903,32.298082,-5.680961
Natalie Huerta,31,53032 John Forges,East Paulborough,North Dakota,32654,88.034741,-67.323071
Erik Green,29,59810 Davis Plains Suite 298,Lake Holly,Arkansas,57041,-121.181646,-15.985191
Kelly Sellers,66,06502 Hernandez Crossing,Herrerashire,Mississippi,27245,-130.601450,36.6976985
Jasmin Pace,76,288 Jones Lakes,Smithhaven,Alabama,43457,173.752559,-28.888154
Katie Simmons,46,430 Brandon Course,Allenfurt,Massachusetts,39497,68.903287,-2.5939465
Cheryl Miller,53,37315 Nathaniel Ferry Suite 940,Amyport,New Hampshire,63211,10.168887,-37.424367
John Palmer,40,813 Jones Views,Lake Marco,Texas,33246,-178.241579,83.170111
Jeremy Washington,79,4189 Sean Key Apt. 531,Armstrongborough,South Carolina,78217,88.729863,-72.6980975
Gabrielle Cruz,76,7675 Ellen Walk Suite 034,Millerstad,Iowa,75135,74.910822,-60.2144395
Julie Carter,64,5865 Harrison Springs,Grimesshire,Kentucky,73851,-132.911790,47.7965035
Megan Thomas,29,614 Carter Road,North Tiffany,Alabama,50646,135.219263,24.055560
Matthew Gomez,58,2243 Moreno Orchard Apt. 559,West Lynnside,Kentucky,26824,-14.256883,-32.4938205
Gabriel Roy,77,3479 Burke Lights Suite 151,Lake Janet,Missouri,37783,-1.533058,-57.9804825
Sara Sexton,44,497 Williams Ridge Suite 139,North Jenniferton,Florida,50303,71.411125,-85.803624
Robert Jones,78,189 Hart Rest,Amandafurt,Louisiana,20478,120.611794,50.7431875
April Blake,19,05287 Harper Shore Suite 406,New Leonardland,Minnesota,55642,104.210132,28.908656
Curtis Barnett,35,5831 William Trail Suite 979,East Zachary,Texas,27772,46.647662,24.542164
Lisa Carter,30,44403 Gary Spring Apt. 890,Jeffreymouth,Ohio,69089,163.179066,1.826051
Beth Hull,78,24057 Nicholas Lane Apt. 190,Jamesborough,New Hampshire,16227,74.471046,8.6309455
Christopher Ryan,48,638 Mclaughlin Corner Suite 431,East Shawn,Ohio,76205,-1.138555,38.6975655
Derrick Carroll,75,2681 Smith Ports Suite 583,Lake Jenniferview,Texas,44414,10.921966,-23.3266385
Evelyn Patel,48,5808 Beck Ramp Suite 284,Brooksshire,Wyoming,15157,-33.597922,-82.1964385
Thomas Bishop,18,2923 Amy Centers,Jessetown,Mississippi,26274,89.523578,-82.7618545
Katrina Flores,62,6234 Little Oval Apt. 131,North Brandonstad,Virginia,40633,-58.456788,-31.2498285
Kelly Gomez,65,383 Dawn Radial Suite 970,Lake David,Pennsylvania,08557,-77.378952,-73.971867
James Strong,58,430 Dennis Key,Watsonchester,Nebraska,63448,-137.974632,42.375797
Larry Jones,52,828 Arnold Ways,Lewisland,Maine,15803,102.254370,34.295154
Jason Mays,50,362 Williams Tunnel Apt. 945,Kylefort,Wisconsin,53978,153.202979,3.2443305
Donald Branch,51,82409 Karen Crescent Apt. 226,Georgetown,West Virginia,73112,-10.683735,-27.159859
Cindy Lopez,53,1494 Jonathan Crossing Suite 933,Port Dawn,Nevada,45110,-94.347840,24.4916455
David Cooper,19,9719 Miller Branch,New Amandamouth,North Dakota,01833,159.651022,-87.794738
Rachel Chung,18,9431 Lee Isle Apt. 152,Vegaville,Maine,12603,-33.639884,-44.492863
Amy Davis,63,514 Shane Stravenue,South Jacobchester,West Virginia,22063,42.391581,-76.870740
Michelle Martinez,20,8327 Brenda Common Apt. 866,Salinaston,New Jersey,24902,-65.331585,-44.4099305
Melinda Norton,21,26360 Kevin Springs,North Zachary,Arkansas,63618,-60.838386,-4.7633235
Wesley Alvarado,31,6230 Amber Manor,Josephville,Rhode Island,49444,-163.137091,-56.657848
Jesse Shah,24,5623 Williams Causeway Apt. 258,North Marioborough,Rhode Island,14104,-95.492453,-83.693464
Travis Powers,20,1117 Reyes Knoll Apt. 093,West Sarahbury,Oklahoma,88994,19.906748,-40.6075465
Jennifer Foster,36,301 Melissa Turnpike Apt. 978,Port Timothy,Maryland,67880,-44.837231,37.456321
Michele Mcdonald,79,6996 Miller Cliffs Suite 533,Mooreville,Wyoming,36644,-157.950600,-19.4175205
Lisa Patton,27,393 Kevin Glens,North Paul,Oklahoma,97198,-68.403580,-21.371011
Ms. Sheila Stevens MD,65,62035 Maria Junction,Port Rebeccaton,Wyoming,68984,-59.532279,-37.2053825
Amy Grant,29,59256 Greene Stravenue,Lake Davidhaven,New Mexico,30765,77.006808,21.563291
Benjamin Young,64,1600 Richardson Extension,Wilsonfurt,Rhode Island,30615,-114.432960,38.908279
Rebecca Robinson,37,723 Jennifer Point Apt. 059,New Robertborough,Ohio,94153,-148.551526,88.5488205
Henry Garrett,23,616 Hayden Ranch,Jasonfort,New Jersey,55340,157.669344,-74.655650
Nichole Molina,26,939 Laura Extensions Suite 513,Bauerchester,Rhode Island,50985,-173.926489,65.830532
David Green,23,3473 Martinez Station,Lake Deannamouth,Idaho,86686,-62.337282,39.421955
Harold Ingram,47,954 Barber Summit,New Pamelafort,Iowa,12949,-42.155072,64.1546695
Stacy Williamson,60,7456 Travis Springs Suite 399,South Prestonshire,Illinois,92651,-21.553713,-71.1042855
Kyle Hobbs,48,596 Preston View Apt. 751,Barkermouth,Kansas,14594,47.494148,-33.801874
Bradley May,68,402 Martin Mountain Suite 961,Lake Michelle,Nevada,73693,-111.787625,25.063954
Katie York,18,80034 Williams Isle,New Ryanburgh,Delaware,21010,-77.920824,-37.647389
Carolyn Hodges,45,23166 Kim Rue,New Jamie,Illinois,84772,-82.710023,53.1694315
Ronnie Reyes,64,626 Bobby Place,Donaldborough,Oklahoma,77518,-149.101473,51.4720395
Sean Jackson,34,0202 Johnson Via,Greenview,Tennessee,45776,11.274197,-54.326316
Janet Le,52,0569 Garcia Brook,Owensshire,Massachusetts,45259,-166.195806,-1.155055
Caleb Harris,53,06552 Mary Inlet Apt. 535,East Isaac,Connecticut,63088,32.412544,-6.3233315
James Jones,80,58136 Garcia Club,Danielview,Montana,67278,-38.651765,-48.3840255
Daniel Davis,31,887 Townsend Fall,Katelynburgh,Rhode Island,30623,5.555658,28.0409825
Diana Harris,59,217 Benson Well,Fieldsland,Oklahoma,37206,-23.223468,-20.225598
Scott Pratt,22,03895 Case Island,New John,Utah,06408,-104.814464,-5.990361
Shane Olson,42,414 Michael Ville,Port Michael,Michigan,14441,80.948839,29.4773055
Andrew Moreno,66,047 Bailey Run Apt. 274,Roybury,New Hampshire,96727,-96.422319,-49.6321835
Teresa Kline,22,9113 Harris Bypass Apt. 984,Ryanchester,Tennessee,32327,14.195230,-74.9212165
Valerie Johnson,78,17913 Eric Estates Apt. 175,Lake Aaron,Delaware,86596,142.541721,-76.994248
Kelli Shields,38,933 James Islands Suite 633,Mendezstad,Minnesota,08884,-154.904909,50.324753
Jonathan Cantu,58,80671 Butler Island Suite 356,South Anitastad,Arkansas,95554,34.588864,18.1287345
Carl Fisher,18,894 Haley Parkway Suite 791,East Steven,Kentucky,60055,-168.076552,81.1839905
Elizabeth Ross,32,11492 Gregory Squares,Jameschester,Washington,27501,152.046715,-77.636826
Brittany Jenkins,46,385 James Via,Port Philip,New Jersey,49279,45.293279,40.6683655
Thomas Pearson,66,35917 Anne Union,Dominguezmouth,Illinois,96122,158.694257,36.838636
Felicia Clark,33,020 Daniel Circles Apt. 468,Johnsonmouth,Mississippi,21342,17.972905,86.732769
Amanda Webb,27,9250 Crystal Ports Apt. 054,South Katherine,Alaska,13542,29.220539,69.7709135
Jason Morris,73,009 Jason Ranch Apt. 244,Port Kellyport,Michigan,18082,165.526936,-50.746030
Alicia Jenkins,52,82467 Jennings Corner Suite 808,New Joshuabury,Arizona,46563,169.376250,-89.4983075
Robert Duncan,50,2630 Fleming Meadows,Michaelland,Rhode Island,57154,170.135695,-21.060962
Jasmine Nichols,59,44381 Christopher Throughway,West Tammyshire,Nebraska,47090,5.498907,-36.9796835
Megan West,29,59072 Chan Fall Suite 153,East Ashley,Kentucky,73157,125.934169,56.7834865
Ronald Williams,68,186 Bennett Crossing,Sharonport,Michigan,44258,111.922133,72.989151
Megan Sullivan,53,4135 Robertson Square Apt. 404,Kochfort,Michigan,09464,-138.717742,74.4142765
Nancy Franco,33,568 Dennis Groves,Denisestad,South Carolina,43612,89.175975,-33.5916445
Robert Fernandez,45,75016 Scott Cliff Suite 281,South Linda,Michigan,25091,175.764474,63.3914075
Haley Huff,62,1330 Timothy Ville Suite 127,Davidland,West Virginia,67429,121.069342,0.0251235
Joshua Hughes,40,53965 Jake Divide,Lewismouth,Arkansas,15527,-10.294755,8.305755
Emily Livingston,24,838 Kyle Forest,East Amandaburgh,New York,55701,5.253213,-38.9157445
Michaela Conrad,69,37988 Nielsen Fork,Lake Donna,Nebraska,92850,136.033198,-40.3553035
Lisa Jones,58,5192 Kristin Walk,Abbottberg,Georgia,16971,-77.714438,-26.4168665
John Rogers,65,969 Gordon Point Suite 520,Mclaughlinville,Nevada,69504,-164.273256,-26.402724
Mike Johnson,61,2625 Pruitt Ramp,West Stacyburgh,Wisconsin,04936,-31.947219,5.0520895
Katie Brown,61,30221 Norman Walks,Kerrmouth,Rhode Island,25355,13.610429,-56.554769
Chelsea Smith,60,054 Sarah Divide Apt. 801,Lake Erinstad,Arkansas,88026,40.516100,-89.564345
Elizabeth Hernandez,27,488 Mcdaniel Gateway,Armstrongborough,Washington,78770,-38.593868,-42.0892935
Erin Garcia,35,643 Emily Route Apt. 684,West Jennaton,South Dakota,05220,-144.710422,46.894754
Karen Taylor,36,704 Alvarez Plain,Lake Amandaland,Rhode Island,27117,13.104914,78.890242
Maria Palmer,58,67201 Reynolds Inlet,West Richard,Ohio,67550,0.839891,12.556567
Jesse Levine,50,94208 Wheeler Neck Apt. 279,Adamsfort,Hawaii,46825,-141.288801,-48.0450105
Vincent Benjamin,77,781 Rowe Mountain Suite 333,West Adamhaven,Maine,23286,96.298291,77.929324
James Rogers,77,587 Ramirez Court,Reedfort,Iowa,86736,88.797485,9.7016855
Jeffrey Simmons,22,1472 Jacqueline Course Apt. 487,Martinshire,Illinois,71068,-25.840849,37.9930745
Peter Cruz,24,2770 Ewing Trace,Cardenastown,Hawaii,21634,-37.181043,52.4481655
Jessica Henderson,70,2154 Jacob Island,Port Kristopherport,Kentucky,97971,-148.061392,-2.398370
Kathy Schmidt,24,8255 Thompson Plains Apt. 613,New Joannachester,South Dakota,32051,11.828369,-0.9550925
Jennifer Malone,49,685 Brian Crossing,Port David,Connecticut,26187,30.030191,46.498629
Michele Reyes,20,898 Kevin View,Brookechester,Hawaii,75662,-88.070525,-4.4964355
Edward Ward,47,272 Valerie Locks Apt. 459,Port Erinport,Idaho,47416,130.814318,22.986505
Tanya Robertson,36,123 Miller Flat,Port Meghanbury,Vermont,35895,-130.596525,-6.670804
Sarah Summers,36,6980 Bishop Mall Suite 866,Spencemouth,Montana,32295,-60.271056,-66.7465245
Michael Johnson,71,0809 Rodriguez Wall,Lake Brittanyland,Connecticut,76103,-36.385119,41.6887585
Julia Dunn,24,46353 Thomas Way Suite 304,Port Randy,Virginia,97536,-79.216546,59.137145
Logan Brown,65,55595 Carrie Fork,East Gregory,Texas,84713,115.686969,19.829266
Sean Scott,58,778 Gloria Stream,East Kent,Illinois,10943,-151.133509,12.6288665
Cynthia Phillips,56,3192 Adam Views,Lutzborough,Missouri,10540,133.937475,36.5691055
Kari Bradley,22,6659 Danielle Harbor,Maryland,Illinois,40159,80.861603,-66.365473
Zachary Graham,22,55643 Kristina Land Apt. 539,Smithburgh,Maine,48380,43.830037,-87.7912935
Julia Gallagher,31,3957 Jones Drive,Port Robertotown,Arizona,04633,115.703383,-47.141498
Stacy Santos,58,056 Duncan Place Apt. 991,South Thomas,Missouri,66860,137.990024,-21.100333
Audrey Andrews,69,7233 Brian Cove,West Sean,Nevada,21527,27.558397,62.9508415
Tanya Wilkerson,26,046 Alvarez Prairie,New Andreaport,Ohio,23466,-30.301059,48.661193
Claire Norman,62,0550 Hughes Landing,Oliverside,Pennsylvania,84631,34.796102,-70.723652
Mark Thomas,53,530 Black Street,Josephton,Utah,51078,23.788543,-59.8505935
Rodney Beck,54,526 Michael Harbor,Andersonside,Georgia,86771,-36.620752,-73.285769
Julia May,32,33259 Rocha Plains,East Brian,Oklahoma,90343,-130.844532,-39.8385405
Juan Riley,45,856 Ramos Rapid Apt. 463,North Heather,Oregon,49538,-128.124387,69.4813725
Sherry Horton,53,5899 Lisa Springs Apt. 897,New Edwardside,Oregon,11084,-68.701070,-37.1798725
Scott Gonzales,34,81171 Jesse Hills,Barrystad,Oregon,30559,-127.298313,-52.6414205
Cameron Schwartz,28,99897 Annette Station Suite 629,Port Sheila,Georgia,28481,157.582386,65.3351915
Kelsey Francis,35,7593 Jordan Loop Suite 912,North Dakotastad,Maine,85128,144.372952,73.199541
Amanda Smith,59,152 Nichols Crescent Apt. 146,Hernandezville,Michigan,04400,43.361086,55.9482435
Brian Warren,75,866 Jennifer Locks,Josephland,Missouri,84076,-175.364408,70.3246055
Shannon Holder,36,12599 Tanya Divide Suite 920,Darrylshire,Mississippi,97976,49.267602,35.109083
Veronica Ortiz,62,412 Corey Shoal,Hortonshire,California,94488,-114.019029,1.0908545
Michael Wang,67,693 Adams Trace,East Jason,Kentucky,25819,-19.432233,-67.691452
Dr. Bianca Mitchell,53,8962 Norman Points Suite 373,Gardnertown,New Jersey,70145,6.768035,-88.167781
Chad Flores,22,43533 Amanda Knolls,Carterstad,Ohio,12669,10.602346,-47.3793075
Sydney Nunez,32,8494 Denise Ford,Lake Cindytown,New York,69927,-178.065288,60.099547
Yvonne Horne,76,1700 Lisa Cliffs Suite 719,Kellyshire,Missouri,88420,43.247516,-1.5866525
Tanner Price,54,950 James Parkways Suite 081,East Michelleport,Louisiana,57508,93.028643,-44.4355385
Julian Morris,61,93333 Lauren Creek Suite 393,New Keithland,Indiana,31871,147.369748,74.2579195
Jacqueline Floyd,59,568 Marcus Mountain,New Craigfurt,Oregon,68202,-93.304411,-32.317659
Denise English,77,812 Joseph Unions Apt. 822,New Johnton,South Dakota,17311,-71.086147,-37.562157
Briana Hernandez,60,48916 Margaret Roads Apt. 255,Evansshire,Georgia,72191,-151.303117,-56.270889
Eddie Williams,61,0863 Griffith Field,Lake Sharonport,South Carolina,67186,-130.359414,82.378030
Joshua Lucas,45,639 Williams Junction Suite 365,Mistystad,Nebraska,22664,77.598648,35.256433
Aaron Carlson,23,115 Maurice Lights,Paulburgh,Delaware,54561,-134.383541,54.8269065
Ryan Kelly,28,845 Rasmussen Estate Apt. 649,Mariaside,New York,48976,125.980336,-29.0853735
Scott Jones,33,6703 Brown Valleys Suite 608,South Debraton,Colorado,62059,36.199416,-73.9390695
Maria Johnson,77,499 Phillips Highway,Larsonmouth,Massachusetts,17351,-135.385895,51.728669
Kimberly Clark,19,384 Williams Light Apt. 610,South Valerie,Hawaii,50860,146.762086,-61.538054
Susan Bryan,67,841 Dawn Ports,Lopezfurt,South Carolina,52116,113.829630,24.9884985
Christopher Carter,64,6053 Wesley Trail Apt. 875,West Adamberg,Alaska,18553,167.644530,28.596568
Michael Brown,38,5960 Todd Villages Apt. 481,Brendaburgh,New Mexico,43127,-58.800978,-82.745044
Laura Dyer,75,899 Susan Junctions Suite 955,Port Greg,New Mexico,91205,-50.647889,31.689936
Nancy Russell,34,67253 Rivera Causeway,New Jamesfurt,California,98163,-151.993331,19.563769
Kathy Davis,54,3701 Shepherd Prairie Suite 848,East Robert,Wisconsin,99775,106.388504,24.4017625
Mrs. Lori Morgan,40,890 Miller Meadows Suite 878,Richardfort,Hawaii,19587,-82.544030,21.3774025
Jamie Williams,38,397 Bonilla Squares,Port Davidmouth,South Dakota,26876,71.865027,49.8537775
Ebony Miller DVM,53,42990 Rogers Trace,Victormouth,Texas,01335,88.894919,52.1733985
Belinda Webb,34,79001 Kathy Valley Apt. 261,Lake Elizabeth,Hawaii,58614,-57.819821,-82.2193415
Cynthia Williams,50,246 Reeves Trafficway Apt. 594,New Keith,South Carolina,91979,-37.878270,-73.1951075
Victoria Lee,31,659 Karen Light Suite 941,Kevinfurt,Mississippi,96030,-129.767198,-66.2343205
Anna Lara,33,131 Lee Via,Kristinabury,New Jersey,91409,88.896710,31.292206
Nicholas Rogers,73,730 Courtney Cliff,Lake Edwardville,South Dakota,52034,-136.499514,77.794499
Elizabeth Austin,80,27852 Rebecca Pine,Martinezside,Maine,00930,-56.390957,-34.990639
Kelsey Livingston,65,43193 Christopher Pine Apt. 893,Lake Kimberly,Pennsylvania,84762,176.531851,-41.7305565
Stephen Williams,28,0692 Andrew Plains Suite 706,New Pamelahaven,Pennsylvania,20025,-46.947557,-29.9506495
Jean Sheppard,42,67141 Jessica Road,Waltersfort,Utah,00941,41.938688,75.545544
Jeffrey Marquez,73,6805 Harris Groves Suite 219,Yateschester,Minnesota,86238,-177.929170,-57.917100
Randy Pratt,26,3492 Thomas Orchard Apt. 738,New Tarashire,Oregon,78793,-82.520555,63.1446955
Oscar Blake,27,28199 Smith Key,New Tracy,Oregon,93196,-108.922341,-58.7363485
Melissa Cook,57,87337 Smith Village Suite 944,Dustinmouth,Louisiana,05113,-56.432028,12.895787
Douglas Burke,63,46229 Peter Canyon,West Sylvia,Mississippi,25442,68.338801,-8.679030
Dylan Stuart,31,141 Richard Springs Suite 587,New Mandyview,Rhode Island,75545,62.452721,9.3420015
Allison Pearson,36,699 Michelle Inlet,Markfurt,Alabama,64140,-142.661927,-84.318554
John Guzman,37,5014 Gary Mission,Hernandeztown,Pennsylvania,64738,55.274074,-53.481313
Nicholas Gonzalez,49,114 Miranda Key Suite 094,South Amanda,Colorado,60348,165.695210,69.572699
Caitlin Mahoney,20,250 Catherine Ports Suite 743,Youngbury,Connecticut,91748,20.586048,-53.873566
Arthur Ayers,29,21663 Christopher Mills Suite 524,Leslieland,New Mexico,37525,90.442086,16.049245
Lance Phelps,66,13375 Nelson Drive,Douglasberg,Maine,06644,-149.828556,-62.5959025
Jeremiah Potter,64,26169 Peter Flat Suite 204,Hessstad,Mississippi,37530,-56.076602,-45.098200
Leslie Hodges,46,835 Debra Estate Apt. 585,West Michael,Oregon,13695,72.397453,-24.214671
Carla Burke,42,328 Daniel Camp Suite 810,West Tyler,Colorado,19531,171.292345,-73.1703085
David Carpenter,52,93703 Carol Mills Apt. 988,West Chadmouth,West Virginia,97531,-114.386548,71.1562215
Autumn Robles,29,41873 Riddle Run Suite 454,New Jenniferfurt,Rhode Island,75356,76.801008,23.455949
Kim Humphrey,25,58066 Love Gardens,Port Michaelshire,New Jersey,19470,53.384232,58.820810
Ryan Marks,31,46888 Sarah Branch Apt. 812,East Melissaburgh,Rhode Island,83697,-9.538115,-30.427033
James Conner,71,632 Stephen Prairie,Leemouth,Oklahoma,88238,-101.794083,53.666249
Susan Miller,52,74286 Annette Lights Apt. 194,Jonesborough,Connecticut,74499,130.379530,-64.145797
Christopher Franklin,48,2583 Nash Isle,Dawnchester,Montana,75356,70.315709,-58.0436895
Jessica Scott,55,247 Smith Fall,Aprilfurt,California,47163,-65.660888,86.6967605
Daniel Jensen,63,30640 Lee Rapids,Trevorville,Illinois,03826,142.933845,48.3504215
Denise Roy,39,31809 Moore Plain Suite 645,Woodsland,Pennsylvania,33946,-179.753344,51.262577
Natalie Smith,64,45193 Karen Haven Suite 774,North Michellemouth,New Mexico,58048,123.206847,-64.9318025
Jeanne Crawford,44,4031 Cole Gateway,Jeremystad,Massachusetts,03557,54.608241,50.747131
Kimberly Aguirre,22,01428 Nelson Divide Apt. 724,Elizabethport,Nevada,17206,71.320998,82.366304
Zachary Adkins,23,64977 Armstrong Villages,Johnstad,California,85104,-141.313415,25.0134735
Brian Poole,67,44947 Rachel Shores,Lake Cynthiaborough,Utah,28635,-3.649770,58.7855425
Jacqueline Anderson,51,661 Jones Roads,Washingtonton,Washington,65919,-146.482324,25.2209015
Angela Thompson,28,01239 Larsen Roads,South Beth,Kentucky,58697,-44.063208,-13.2073745
Rachel James,73,658 Gray Square Suite 435,Port Craig,Texas,64992,178.639120,76.5360695
David Turner,39,103 Jackson Lodge,North Craig,Iowa,23562,170.741586,52.714169
Amber Rose,30,2420 Tammy Neck,North Christon,Oklahoma,67289,-24.291191,-69.2114525
Ryan Stanley,45,492 Romero Canyon,Huntfurt,Ohio,87718,74.559870,-55.662846
Julie Marshall,21,26517 Andrews Plaza Suite 230,Lake Amber,Massachusetts,74156,33.747969,47.321113
James Smith,24,615 Austin Crescent Apt. 649,Ballburgh,Idaho,91348,-126.276483,-33.997224
Derrick Fleming,20,58836 Jessica Via Apt. 941,New Kyle,Delaware,67424,-161.421364,83.2074945
Sandra Pruitt,43,32937 Carter River,Jonesview,New Mexico,60598,-76.954810,54.148309
Charles Zhang,64,8995 Crawford Forges,Cindyhaven,Alaska,42249,-106.710033,20.2739175
Leslie Branch,59,713 David Knoll,Haydenland,Indiana,33268,98.864390,-3.008649
Sara Tucker,63,84624 Yang Well,Melanieton,Arizona,17996,-46.545163,23.1238065
Rebecca Brown,51,81510 Henry Throughway Apt. 519,New Jeffreytown,Massachusetts,48320,53.065523,-61.872043
Catherine Thompson,60,9142 Graham Vista Apt. 010,Anahaven,Kentucky,35626,176.473840,-66.462125
Elizabeth Hill,55,70636 Kevin Extensions Suite 531,Arnoldview,Nevada,02777,-137.678766,-47.427594
Monica Williams,60,50826 Williams Ways,Rosalesshire,New Hampshire,87448,49.710881,23.994096
Jessica Lee,73,28134 Sanders Ferry Apt. 335,West Virginiaborough,Maryland,56240,162.747009,-66.509588
Christina Ferguson,24,8346 Diaz Crest Apt. 284,East Amymouth,Missouri,14370,90.276434,-86.8751565
Stephanie Johnson,43,453 David Overpass Apt. 541,Nguyenside,North Carolina,45805,113.915500,86.640142
George Duarte,41,546 James Creek Suite 086,Matthewview,Nebraska,75202,137.097774,-80.394765
Raymond Luna,50,9263 Allison Manors Suite 950,Rangelton,New York,91449,-69.859350,-6.9074465
Tiffany Shaffer,24,510 Crystal Brook Apt. 182,Brownville,Arizona,51099,-114.293308,21.9465345
Christina Owen,23,432 Liu Alley,Coltonstad,Utah,41280,170.927785,81.651488
Ronald Montgomery,78,899 Rachel Islands,East Zacharyton,Alaska,21100,24.118130,-82.179266
Craig Bowers,28,54875 Deleon Roads,Lewisland,Georgia,80110,-88.277564,15.1982805
Brittany Mathis,31,1205 David Cliffs,Lake Mark,Michigan,38072,32.361614,66.866330
Amanda King,34,5783 Rodriguez Flats,New Gregoryhaven,Tennessee,99633,-91.936569,84.918833
Dennis Ward,45,71471 Nguyen Rest Apt. 683,Port Daltonburgh,Washington,08377,17.554477,-64.0544745
Lauren Fuentes,20,279 Brian Lock,New Michael,Kansas,66066,136.779667,41.4659595
Lindsey Hernandez,68,7951 James Expressway,New Michael,Oregon,92425,114.806172,-62.8407935
Kimberly Miller,54,139 Jose Land,Myersside,West Virginia,27406,-163.599966,-81.4871155
Timothy Garrett,19,780 Simmons Roads,East Courtneybury,Kansas,42553,-109.999378,-35.438195
Wendy Alexander DDS,26,1812 Sara Mission,Robertsview,South Carolina,16326,-64.892915,65.480380
April Barrera,76,15612 Stephens Ranch,West Brettborough,Kansas,51576,-17.302681,-35.071235
Catherine Henry,32,55964 Holden Street Suite 472,South Lindseyberg,Utah,50626,-166.466717,-51.6684165
Kristina Porter,70,22862 Christopher Mall Suite 898,North Shane,Ohio,04593,-53.639169,-59.515968
Ronald Wilcox,27,998 Kimberly Street,East Damon,Montana,01287,163.638830,56.452490
Sandra Stone,39,86298 Bryant Union Suite 692,Port Ericastad,Kentucky,98255,-33.276416,-54.715671
Beth Jones,61,75074 Maria Terrace,Lake Clarence,Indiana,24725,65.823207,-12.812777
Jason Mcguire,61,4186 Samuel Meadows,Jonathanmouth,Alabama,77920,-72.008936,-15.721206
Traci Hughes,57,6245 Ward Rapid Suite 469,Lake Alexisside,Wisconsin,03467,129.594314,16.8965395
Melissa Jennings,34,85114 Mclean Freeway,Katherinehaven,Idaho,25897,152.030806,60.024693
Martin Chang,43,8414 Alexis Course,Port Emily,Tennessee,17158,-99.245159,-53.035218
Ryan Sanders,43,703 Carmen Roads Apt. 665,Fergusonshire,Nevada,69904,-129.938300,-28.848584
Sherry Lewis,24,6891 Morse Burg Suite 079,South Amber,Oregon,19833,79.519828,-2.534429
Timothy Parker,77,642 Galloway Island Apt. 006,North Kayla,Colorado,25834,-142.874609,79.597141
Tony Walter,80,831 Susan Center,Sherrytown,South Carolina,59642,77.270221,66.1359145
Douglas Huang,63,080 Estes Crossroad,East Dannyland,Kentucky,10808,0.763558,54.203049
Deanna Johnson,19,33198 Chambers Spurs,North Amy,Wyoming,69875,141.340317,75.098768
Cindy Washington,26,53760 Leach Avenue Suite 061,Hickschester,Texas,19162,-52.273508,-30.163240
Christopher Stevens,80,24483 Sharon Viaduct,Jessicaberg,New Jersey,23386,164.689549,43.7420855
Ruth Thomas,64,88076 Campbell Flat Apt. 152,Lake Brittanyview,Alabama,61875,-61.917150,61.652477
Pamela Sims,72,586 Victor Stravenue Suite 443,West Michellestad,Maine,96457,151.207311,-6.7360975
Jonathan Trujillo,76,9034 Mann Keys Suite 127,Stewartville,North Dakota,05011,151.137552,71.3525915
Katie Gutierrez,59,8430 Tran Trail,Brittneyhaven,Missouri,37324,8.477789,-50.5672965
Shawn Logan,32,63240 David Points Suite 357,North Amanda,Wyoming,64023,-131.075164,47.164860
Kimberly Andrews,46,7092 Jennifer Street,Mckeeberg,Arkansas,82908,158.762374,56.506218
Caroline Walker,57,63900 Sexton Track Apt. 990,Johnsonchester,Missouri,04610,32.435323,-4.580400
Daniel James,76,38568 Simpson Drive Suite 110,South Colin,Ohio,74304,-119.867295,51.3513835
Michael Stanley,54,44319 Amy Falls Suite 878,Grahamfort,Virginia,21321,32.881193,26.673936
Thomas Atkinson,28,365 Natalie Meadows Suite 619,Tonyastad,Ohio,40600,130.850193,53.874276
Ryan Hampton,19,28228 Anthony Greens Suite 106,Lambertchester,New York,78469,8.980216,-52.9973315
Joanna Ball,35,939 Angelica Glens Suite 842,Port Jennifer,Maryland,83560,92.033971,-43.9934935
Andrew Wright,31,2635 Michael Plaza Apt. 659,Roseberg,Delaware,25996,1.953942,46.464784
Christina Campbell,48,3943 Roberts Trail Suite 215,East Colin,Connecticut,56443,-88.982130,-55.6448235
Tiffany Walker,29,707 Livingston Street Suite 542,East Jody,Rhode Island,77596,-6.204894,89.131661
Bruce Barker,71,4257 Dean Route,Port Brian,Wisconsin,27345,-15.233229,-7.330922
Matthew Fischer,73,077 Joshua Walks,Webbbury,Minnesota,53738,55.849627,4.2818415
Alicia Everett,22,1770 Catherine Circles,South Adam,Illinois,26686,17.177614,62.682771
Jose Sandoval,18,9073 Carroll Haven,East Linda,Alabama,71731,-161.913342,-78.3910085
Russell Snow,70,03043 Henry Extensions Suite 188,Foxview,New Mexico,13162,-142.565313,-64.693126
Keith Hahn,55,35914 Walker Meadow,Mccannburgh,Ohio,23430,117.050917,51.211841
Jessica Nguyen,80,55060 Susan Circle Apt. 393,Port Jeremy,New York,07165,32.681789,-17.382803
Kelly Sanchez,53,4594 Richmond Square Apt. 574,North Andrewmouth,Minnesota,46096,152.371762,-21.5905095
Larry Rodriguez,57,4470 Matthew Points Suite 504,Larrymouth,California,44647,67.577285,-71.4729255
Melissa Adams,44,98428 Cameron Place,Christianport,Arkansas,49909,55.429456,-12.582466
Kristen Mason,64,4006 Morgan Walks,Hammondborough,Colorado,94109,143.968939,-27.832758
Brian Turner,28,13061 Colin Flat,Lake Laurenchester,Wisconsin,73136,-37.262720,12.7093725
Tara Harris,18,62281 Reilly Land,South Hollyshire,Alabama,69679,-103.422626,-39.9513485
Steven Austin,22,136 Patricia Lodge,Cameronmouth,Nevada,07545,-70.498025,-3.4049605
Morgan Lambert,26,3937 Christina Crossroad Suite 312,East Markberg,Iowa,52529,-13.559203,71.495845
Stephanie White MD,62,3201 Kimberly Station,Port Austinfort,Kentucky,07884,55.225640,52.7870545
Melissa Wolf,78,81766 Brooke Avenue,Lake Danielleshire,New Jersey,30821,117.527841,53.315394
Abigail Flores,75,217 Obrien Meadow,East Jefferyberg,Alabama,90726,-127.781245,64.852848
Wayne Bailey,44,26124 George Center,Suttonside,Mississippi,29138,33.185211,86.533311
Corey Williams,41,024 Douglas Burgs,Jayhaven,Florida,51803,-179.344321,-13.2106725
Michael Benson,41,2476 Edwards Crossing,Terryview,Arkansas,09091,-105.018906,-35.047315
Sergio Brown,72,407 Brian Overpass,Robinsonville,Hawaii,79866,112.136599,-62.412831
Kyle Schneider,70,181 Hannah Mill,West Michaelhaven,Massachusetts,04344,12.495432,-73.5137805
Jessica Davis,80,9076 Henry Grove Apt. 006,Williambury,Montana,98102,-128.950294,-61.369692
Cory Davis,33,19266 Julie Avenue Suite 267,North Javierstad,Washington,69591,146.543321,-41.5242585
Kayla Lewis,45,5651 Kelly Key,Port Ashley,Colorado,19108,-159.761125,-11.008717
Jared Berry,76,99770 Griffin Lane Apt. 526,Port Mikaylabury,Wisconsin,40493,-122.442207,-34.271427
Latoya Washington,71,4238 Roberts Mall,Port Christinemouth,New York,35527,-66.952383,27.172442
Shannon Patterson,19,80722 Christensen Extension Apt. 108,East Kenneth,Massachusetts,07251,12.144530,-52.702671
Mr. Jeffery Wolfe,79,431 Samantha Lodge Suite 124,Lake Donnamouth,Iowa,30416,19.268228,-54.857751
Jason Taylor,56,49373 Jones Causeway Suite 062,West Christineville,Wyoming,98596,-36.858069,-40.726578
Bobby Johnson,64,9110 Hogan Route,West Robert,Kentucky,91585,-136.734832,52.678417
Lori Miller,20,698 White Crest,Port Patriciaborough,New York,56359,72.073458,-59.978895
Darrell Reynolds,63,789 Jillian Island,East Timothy,North Carolina,95402,18.723482,-56.107235
Timothy Davis,24,7370 Orr Loaf Suite 805,Sandrashire,Wyoming,19539,88.228751,81.216353
Jennifer French,47,014 Rios Views Apt. 117,New Jacob,Wyoming,80152,-134.159466,-85.389804
Brooke Vincent,40,86100 Julia Fork Apt. 315,Mirandafurt,Florida,14477,-173.580668,-61.9638135
Sabrina Luna,44,8549 Kevin Shoals Suite 080,North Benjamin,Rhode Island,16463,-8.679319,-86.196133
Matthew Perez,65,186 Harmon Mall Suite 903,Arnoldland,Illinois,36653,174.081842,45.340732
Matthew Wallace,40,65428 Diamond Union Apt. 060,North Kyleville,Maryland,40532,141.370541,-72.257192
Maria Waters,21,99499 Hudson Bypass,Lake Josephborough,New Hampshire,19440,152.449603,30.2206655
Kathleen Small,55,19669 Barton Light,Harrisonchester,New York,41915,66.353713,-85.6586605
Kirk Christian,78,92213 Brenda Neck Suite 011,Paulmouth,Kansas,56111,-102.211299,-51.3521815
Justin Brown,43,8361 Alvin Port,South Thomasstad,Georgia,86599,-160.836299,-71.383112
Leslie Wolf,22,13950 Michael Harbor Suite 454,Guerrabury,Texas,53941,11.003250,12.0286545
Andre Martin,57,93318 Ferguson Key Suite 366,Anthonyfort,New Hampshire,27546,-56.274022,-15.330178
Justin Williams,18,83406 Miller Stream,Scottville,Virginia,17422,-86.896880,-86.151060
Samuel Green,32,51798 Jamie Bypass Apt. 395,Lake Davidstad,Wyoming,28751,-122.676369,-71.388554
Jose Strickland,45,65086 Graham Field,Stephensfort,South Dakota,82165,3.264098,81.1646425
Stephanie Mccoy DVM,43,88693 Jo Summit,West Brianfurt,Connecticut,56769,-140.493833,-56.688841
Jacob Ayala,74,152 Angela Extension,Deborahmouth,Texas,43110,-136.740559,34.026206
Katherine Simpson DDS,55,2523 Kirby Glens,Mclaughlinview,Nevada,27035,-98.569547,-12.9494165
Ryan Murphy,73,6698 Moyer Highway,North Leah,Illinois,02173,-36.255836,45.3578135
Kaitlyn Cook,56,8781 Perry Square Apt. 849,Port Heather,Oregon,74192,-70.627800,55.213855
Tiffany Garcia,21,62951 Zachary Radial,Port Troy,Nevada,91305,48.334259,-64.413922
Joshua Williams Jr.,35,456 Bright Throughway,North Tracy,Michigan,17055,93.711630,35.5122055
Matthew Morales,71,833 Beck Drive,Lake Karen,New Hampshire,15704,-68.175501,-39.450475
Robert Whitney,40,613 Crystal Courts,Wendyfurt,Michigan,23124,108.670257,1.403774
Rachel Moore,61,4575 Matthew Burg Suite 210,West Kenneth,Alabama,85463,-105.887766,-56.355435
Matthew Perry,77,8853 King Drive,Michaelport,Washington,59413,64.640969,-78.1384745
Vanessa Lamb DDS,21,7874 Cruz Grove Suite 754,North Kellymouth,Delaware,86648,62.165512,11.5871805
Shelby Garza,72,247 Jackson Ford,Elizabethchester,Connecticut,84269,-58.566827,-14.354100
Thomas Morales,80,6993 Ashley Roads,South Brianfort,Wyoming,29627,13.068973,75.003801
Edward Huang,27,644 Hernandez Locks,Port Tracy,California,54063,85.714273,-83.236317
Andres Allen,74,215 Patricia Curve Apt. 822,East Traceyborough,Iowa,90343,-107.432177,55.9012945
Kimberly Francis,77,34032 Joseph Unions,Marymouth,West Virginia,20947,34.101916,27.506313
John Rodriguez,67,2218 Martin Green Apt. 106,Morrisberg,Wisconsin,28068,-65.026436,11.6159595
Luis Cruz,41,3298 Andrews Crest Suite 622,Lake Jennifer,Wyoming,47695,80.918948,39.1657625
Sean Davis,23,38391 Richard Landing Suite 583,East Jesse,Arizona,75224,64.632040,-55.4630675
Angela Best,70,8123 Mayo Glens,Lake Thomas,Kentucky,26682,146.265704,37.4590005
John Holmes,20,25893 Chase Street Apt. 000,Deborahstad,Colorado,11712,-128.790694,78.066747
Jordan Moore,72,53403 Sara Well,Jeffreyton,Vermont,07713,16.182915,36.2851155
Richard Smith,76,4834 Barton Corner Suite 869,New Meganberg,Maryland,35340,-88.194389,-22.0260075
Adrian Smith,64,8641 Archer Cape Apt. 917,Gonzalezland,Oregon,76662,-59.513843,-5.4329345
Robert Duncan,60,4860 Veronica Crossing,West Danny,Vermont,01696,-72.931154,-69.628946
Marcus Martinez MD,35,308 Webb Brook Apt. 373,Salinasside,Alabama,19492,-117.606380,32.170672
Richard Parker,60,0647 Matthew River Suite 394,East Codyborough,Maryland,50678,171.035547,-28.994361
Vanessa Campbell,69,808 Marissa Ridges,Lake Joshua,Alaska,86916,-171.121441,45.8098855
Ellen Byrd,64,993 Thomas Greens Suite 977,East Charlesburgh,Virginia,32193,-164.830529,0.2405975
Robert Schroeder,60,5657 Wilson Loop,Kyleside,Washington,54167,-136.875866,-86.5593555
Corey Fischer,21,0028 Drake Stream Apt. 556,Lake Davidstad,Maine,21212,9.734507,-75.5658555
Lisa Collins,25,6098 Hartman Parkways,Tracyside,Minnesota,31472,-123.823035,-25.2375515
Michelle Hayes,26,52107 Anderson Overpass,Port Michaelmouth,Hawaii,89009,-43.604885,-20.7290215
Amanda Wells,38,86640 Tate Burgs,Port Carl,Florida,20561,-55.006846,32.1219345
Jason Smith,47,8623 George Rapid Suite 826,Gardnerville,Kentucky,05470,139.981910,-79.2931165
Mckenzie Houston,68,479 Chase Key,South Jeffrey,Massachusetts,62313,121.387683,-42.8674675
James Franklin,70,09779 Smith Keys Suite 654,New James,Colorado,01049,-43.168684,4.351921
Jennifer Abbott,56,43650 Jenna Club,West Ryan,New Mexico,79737,16.071214,83.999685
Michael Thompson,66,787 Jacob Dam,Cindyfort,Hawaii,79748,-148.162464,-73.014830
William Kelley,59,1904 Kenneth Points Suite 162,Port Jessica,Wyoming,85855,6.314090,25.6500595
Allison Estrada,69,1859 Brady Shoals,Colinside,Wyoming,69126,-121.094648,-15.1965465
Travis Mcbride,76,0291 Haynes Trail,Nicoleview,Kansas,01506,-138.904103,22.563892
Jennifer Martinez,21,8138 Christian Harbor,North Jose,Oklahoma,84198,-25.818187,17.032839
Eric Evans,49,036 Young Road,Bradleymouth,Texas,16986,-177.639949,59.010151
Phillip Carter,64,1795 Jasmin Point,Harrismouth,Alabama,98466,50.107740,53.6552085
Shelby Hays,42,70348 Linda Plains Apt. 630,West Stevenmouth,Alaska,27145,-53.686015,67.2576355
Luis Dean,49,14244 Kelly Avenue,Angelaton,Connecticut,45804,50.187324,-63.468890
Jill Ferguson,49,43842 Michael Dale Apt. 210,West Brendastad,Delaware,62881,-12.786124,88.3517575
Joshua Suarez,35,816 Rodriguez Skyway,South Stevenhaven,Wisconsin,31541,-74.472150,-83.584274
Cody Woods,65,7445 Kyle Summit Apt. 111,Port Jose,Kentucky,93234,-128.989493,-71.153323
David Franklin,68,25590 Elizabeth Fort Suite 736,Port Margaret,New York,04883,90.505882,-15.9779665
Collin Hamilton,51,952 Rogers Motorway Apt. 784,Sarahbury,Washington,84831,-19.341306,11.8512485
Dawn Smith,24,848 Rosales Mews Suite 217,Christyfort,Utah,12034,120.982496,41.168709
Tanya Thomas,22,7972 Davidson Harbors Suite 533,Meganland,New Hampshire,47164,-23.511734,26.5367345
Terry Lopez,47,2774 Kelly Key,Michelleburgh,New Jersey,31670,-30.380461,26.6572585
Jessica Martin,65,8555 Grace Dale,Shepherdmouth,West Virginia,33996,146.126431,-10.966423
Lori Johnson,53,3375 Butler Light,Port Austin,Missouri,34354,146.982156,-81.3318605
Willie Marks,39,0949 John Squares,Lake Juliaberg,New Mexico,52850,31.312024,-42.5065035
Nicholas Schneider,57,38184 Benjamin Square Apt. 749,Mortonborough,Connecticut,87262,-71.367868,80.6948305
Kevin Lambert,63,8175 Bailey View Apt. 067,Aaronbury,Connecticut,18193,140.386243,-46.005572
Steven Larson,48,1213 Woodard Cliff,Maynardton,Maryland,59814,150.898043,-42.7990475
Stephanie Conrad,50,56759 Paul Villages,New Lucas,Oregon,49912,-25.702358,-57.2153575
Richard Dennis,33,289 Robert Lake Apt. 058,West Theresa,Louisiana,11246,-43.047699,47.7400115
Mrs. Amber Smith MD,48,75514 Brittany Pine Suite 556,South Cory,California,73539,-147.587123,-19.3616155
Mark Adams,42,836 Barbara Shores Apt. 175,New Jennifer,New Jersey,72002,-26.932200,52.406097
Leah Dean,24,4291 Deborah Burg Suite 724,Sarahstad,Louisiana,41521,-7.469306,-6.004804
Mary Rodriguez,79,7945 William Court Suite 552,West Bryanside,Alaska,53601,-37.004135,38.7556775
Adam James,54,485 Duncan Neck Suite 045,Seanmouth,Wyoming,79213,19.703282,33.7445125
Wanda Wilson,47,3179 Cordova Mountain Apt. 797,South Darrenfurt,Maine,85042,124.901878,-31.5622625
Courtney Jones,54,583 Lin Lodge Apt. 078,Lambertport,Louisiana,56687,-109.975188,-68.687381
Danielle Mendez,67,691 Martin Extension,Leahland,Virginia,30018,73.865971,18.499501
Anna Pham,19,740 Rachel Ramp Apt. 660,Dennischester,California,07201,-32.800097,81.2696655
Theodore Clarke,70,3571 West Loaf Apt. 742,Port Aaron,Hawaii,36567,158.666194,30.634199
Tim Krause,18,573 Victoria Mission Suite 568,South Jessica,Washington,27729,138.437691,-50.4003535
Beth Wagner,35,452 Kathryn Road Suite 949,Angelachester,Washington,24792,4.423005,42.5064615
Kristi Allison,45,97407 Morgan Well Apt. 439,North Kathrynfort,South Carolina,72219,115.338493,43.0344235
Kevin Jackson,48,7020 Long Bypass Apt. 770,Fosterside,Mississippi,33734,56.104612,81.6752385
Daniel Price,48,3626 Erica Vista Apt. 109,Port Kellyburgh,North Dakota,79058,-59.582901,-87.737097
Taylor Howard,46,3471 Anthony Fall Apt. 302,Stoutchester,Indiana,05589,176.151716,-44.357239
Dr. Crystal Soto,55,64584 Larson Mills Apt. 374,North Morganchester,Iowa,40723,-19.222380,-56.6686965
Harold Rivera,23,2484 Patrick Hollow,West Luis,Minnesota,38512,83.107280,-77.6657405
Theresa Jensen,66,214 Sanchez Isle,East Jocelyn,Idaho,22848,-95.622845,-80.5929155
David Smith,31,87268 Bonnie Street,Michaelborough,New Hampshire,54129,-149.149380,82.688418
Collin Brown,69,2733 Gordon Fort,West Melindaport,Idaho,97137,154.291434,70.661540
Lindsay Peterson,21,5534 Jones Haven Apt. 253,Lake Jeffrey,New York,85878,-142.819408,32.349960
Robert Hill,79,89562 Mark Squares Apt. 416,Port Andrewfurt,Tennessee,06053,155.971857,-30.8661605
Lisa Melendez,72,40892 Jeffrey Squares Apt. 368,North Zacharyburgh,Florida,18890,-53.187817,74.7436915
David Maldonado,57,49827 Johnson Vista Suite 116,Brooksmouth,Tennessee,94483,98.944445,42.3321525
William Martinez,20,982 Lee Avenue,Nicolemouth,Washington,95199,-126.229789,-34.8874515
Melinda Smith,57,6569 Jenna Trail,North Jamieborough,Vermont,68361,-54.878849,72.2991825
Heather Tate,37,491 Kerr Way Apt. 013,South Maria,South Carolina,40357,-82.311059,50.395084
Andrew Wright PhD,34,2039 Carr Port,West Matthewfort,Nevada,93514,-60.364693,77.4661425
Yvonne Mckay,18,09252 Jennifer Crossroad Suite 949,Thompsonton,Idaho,63577,-153.504239,57.548256
Casey Benton,24,331 Andrew Club,West Brian,Virginia,79875,131.442478,-2.139663
Charles Davidson,48,17601 Adkins Route Apt. 423,Morganfurt,Kentucky,78987,-136.037661,-15.221645
Mark Hendrix,23,127 Susan Ford,East Bethanychester,North Carolina,62994,137.685443,-46.4352275
Jessica Madden,50,65186 Guzman Overpass,New Lucaschester,Kansas,57947,44.480021,71.030003
Donna Levy,42,799 Harding Alley Apt. 570,West Tina,Washington,73745,-5.838133,88.866323
Melissa Jones,46,89000 Davis Fall Apt. 947,Steinfort,Utah,83002,44.479663,46.3798585
Michelle Russell,48,11038 Marie Stream,Careystad,West Virginia,13979,-121.540928,43.170105
Toni Lucero,61,88309 Elizabeth Bridge,East Sherryfurt,Arizona,87208,80.821973,-80.5471225
Samuel Hernandez,33,05097 Nielsen Coves Apt. 590,New Jacqueline,Utah,40096,-73.944610,67.3648005
Robert Humphrey,21,5360 Dalton Estate Apt. 396,Michellemouth,Oklahoma,75984,-155.310381,32.649344
William Jacobs,79,666 Stephenson Common,Markstad,Mississippi,40167,66.066298,-66.049580
Monica Bates,64,716 Bruce Islands Suite 572,Stokesborough,Arizona,03507,135.523837,35.0443215
Karen Murphy,69,40342 Davis Neck,North Nicholasborough,Connecticut,19355,-130.525008,-48.3700075
Tracy Patrick,76,83011 Ruth Viaduct,North Richard,New Mexico,27573,3.856772,88.6074595
Justin Jackson,42,301 Sharon Manors,West Robert,Louisiana,69967,74.105468,-3.243716
Christina Williams,63,880 Matthew Park Suite 363,Sanchezville,Ohio,86357,-4.873219,-27.340807
Suzanne Garcia,43,817 Scott Shoal,Perezview,Minnesota,15025,37.098100,89.869466
Anthony Garcia,40,96524 James Grove Apt. 670,Randallhaven,Michigan,04752,-123.030076,-8.598983
Casey Morales,25,84542 Peter Centers Suite 247,Stanleyhaven,Kansas,72299,-42.228964,-50.018783
Ashley Knox,64,7009 Norton Glen,Deleonton,Hawaii,05241,43.316040,29.5938955
Michael Ramirez,60,369 Michael Shore,Port Claudiaborough,Delaware,56479,-8.709136,66.780706
Thomas Kim,70,1961 Jeanette Prairie,East Jeffreytown,North Dakota,56855,-71.103554,59.5714615
Tina Moon,47,139 Carly Ports,South Abigailmouth,Missouri,71685,179.033247,-46.593363
Jeffrey Allen,34,562 Matthews Row,Abbottville,Indiana,88543,-72.167824,50.6587055
Joseph Guerrero,78,596 Richard Cape Suite 801,Ashleychester,Minnesota,94326,-60.434812,-0.450434
Stephanie Hodge,64,08508 Steven Divide,Jeffreyshire,Washington,80915,140.741524,-45.843135
Suzanne Chambers,33,53187 Nichole Mill,Maystad,Kansas,53883,141.542111,85.3716415
Dr. Brooke Miller,56,021 Cassie Village,East Seth,Virginia,96175,139.369355,-37.0751335
Jessica Parsons,31,3688 Lewis Harbor Suite 976,Jacksonview,Utah,36930,-0.858212,-87.302895
Leah Hughes DDS,20,335 Martinez Stravenue,Amyshire,Idaho,82490,-3.152099,-55.1188895
Jeremiah Taylor,73,978 Jack Field Suite 875,Raymondstad,Connecticut,52951,-138.047641,-63.7718345
Andrew Cunningham,73,25192 Macias Harbor,Port Garrett,Wyoming,52620,-99.456196,24.6114785
Heather Mitchell,78,013 Bell Loop Apt. 540,Lake Molly,California,74121,-63.067480,49.6380175
Raymond Holland,31,17167 Massey Pines,North Brent,Oregon,75873,76.252819,-3.380465
Alexandra Anderson,79,8215 Benjamin Valleys,East Rachaelside,West Virginia,76467,171.017367,-38.215698
Garrett Brown,79,643 Grace Mountain Apt. 885,North Ethan,Arizona,61506,70.172719,54.613391
Susan Montgomery,41,65749 Mccarthy Flat,Carmenborough,Pennsylvania,95811,-126.621976,13.648383
Deanna Heath,40,12270 Tracy Center Apt. 858,Lake Sean,Florida,28962,4.645425,81.4801695
Erika Burch,24,052 Webster Trail Apt. 953,Stephanieborough,Texas,57685,158.052170,-6.7848915
Jessica Lopez,32,223 Duke Manor,South Angela,Connecticut,39794,-79.366384,72.409133
Derek Hale,35,975 Savannah Road Suite 972,North Juan,Connecticut,02729,-85.861830,-19.7035875
Michael Marsh,66,2325 Jasmine Village Apt. 247,Herrerafort,Montana,50812,-130.312788,84.891466
Drew Kent,28,2668 Christopher Glen Apt. 884,South Benjaminhaven,Maine,93184,-128.322815,26.1408285
Monica Yates,78,3419 Daniel Crossroad,Garyhaven,New Mexico,78952,-30.369874,39.1820105
Jason Adams,27,32719 Combs Parkways,New Tomport,Kansas,15642,25.995703,-11.218201
Scott Ball,33,063 Saunders Track Apt. 116,Lake Lisabury,Nebraska,10814,-16.597152,-55.078106
Terry Perry,24,94827 Sara Skyway,Martinezside,Montana,05021,-54.946022,89.904665
Derek Brooks,30,1665 Blair Rapids Suite 455,Port Mikayla,Wisconsin,93064,22.933773,69.7357835
Joanne Pugh,26,2431 Samantha Vista Suite 857,Gonzalezside,Maryland,92594,-160.112945,-67.4755195
William Lopez PhD,68,12554 Williams Station Apt. 777,East Amandatown,Oregon,55809,-153.054013,65.854660
Dale Murray,21,1264 Paul Turnpike,Diazview,New York,44781,134.641851,-64.869369
Lauren Schmidt,18,56052 Harris Turnpike Apt. 025,West Jamesview,Tennessee,46463,-130.859953,-54.426060
Laura Collins,21,597 Townsend View Apt. 196,Ralphhaven,Maine,94066,33.275472,57.0380925
Dominique Rodriguez,78,5638 Schultz Lake Suite 900,West Patrick,Iowa,82864,-27.319038,6.7698385
Teresa Barton,29,110 Becker Street,North Tinabury,Michigan,78125,98.427873,19.1320785
Michelle Blevins,63,4006 Hall Rapids Suite 329,Michaelburgh,Maryland,05775,-132.012885,24.1597815
Christopher Smith,49,17002 Frank Fort,South Jamestown,Oregon,31824,135.074532,-30.2085495
Steve Bray,19,0072 Hoffman Trail Apt. 981,Port Charlesshire,Connecticut,27023,28.042278,-47.5272685
Lisa Jimenez,44,886 Sandra Turnpike,Meaganhaven,North Dakota,05572,-50.548956,-27.545951
Samuel Smith,74,7696 Valdez Ports,Lake Katieborough,Nevada,37397,101.250066,-31.9861945
Gerald Turner,25,95007 Jason Alley,Michaelton,Delaware,51580,88.965012,-22.339152
Edward Taylor,19,44836 Nichole Roads Suite 374,New Charlesview,South Carolina,63856,-4.491686,63.5860125
David Gardner,58,4825 Garrett Summit Suite 150,Douglasfurt,Nevada,29298,-156.722392,21.6183395
Morgan Aguirre,44,569 Bryan Walks Suite 807,Hillton,Utah,27742,39.225045,-7.777634
Elizabeth Green,55,831 Michael Tunnel,Michaelfurt,Maine,66209,-82.123764,-56.8602535
Courtney Wells DDS,65,400 Patty Fields,Traciberg,Maryland,58188,-87.619874,-85.8164125
Brian Woodward,29,237 Gonzalez Causeway Apt. 485,North Lori,Louisiana,00530,-108.198047,37.651230
Eileen Stephens,51,4364 Williams Plains,Hernandezborough,Mississippi,62992,-54.140213,43.4466335
Kelly Heath,74,25955 Tina Well Suite 512,Port Paula,Tennessee,80661,49.982623,-43.717623
Theresa Pittman,58,7493 Andrew Crescent,Freemanborough,Iowa,05837,-166.498476,-35.941449
Shannon Gonzalez,65,8800 Phillips Vista Suite 700,Lopezhaven,New Mexico,83159,45.441676,-47.3614785
Adam Tyler,68,3259 Allen Locks,Lake Christopher,Kansas,84585,-149.030029,76.0599745
Mark Sanchez,77,26592 Courtney Summit Apt. 181,South Roberto,Virginia,44301,178.711830,-60.760808
David Flores,60,04264 Michael Key,South Kathleen,West Virginia,21647,88.229040,1.378642
Kevin Garcia,76,2826 Ellis Harbor,Eugenehaven,South Dakota,58455,72.355754,33.902414
Samuel Torres,71,55830 Hawkins Street Suite 162,Rodneychester,Ohio,83282,39.806989,-32.5740835
Michael Coleman,61,09429 Preston Trafficway,Zacharybury,Rhode Island,38438,-159.947868,49.572547
Sarah King,58,41793 Sandoval Station Apt. 017,Oliviaberg,Nebraska,45891,144.293936,-79.607298
Gina Reid,46,2324 Hernandez Crescent Apt. 676,East Julieton,Louisiana,89787,17.599908,-65.5587265
Janet Allen,63,9844 Brianna Squares,East Amandamouth,Indiana,02350,-168.142093,71.653308
William Diaz,27,90102 Meghan Fields Apt. 866,East Tammyside,Iowa,17840,-6.222052,-75.593102
Roger Fox,20,577 Emily Groves Suite 891,Lake Racheltown,Connecticut,11328,16.807581,9.8500865
Meghan Johnson,78,2969 Melissa Field,Port Davidton,Georgia,54103,24.180702,40.646852
Christian Harris,72,2196 Michelle Rapids Apt. 702,Williamsfort,Vermont,07497,-157.343889,-83.0678465
Beth Ramos,39,18137 Matthew Ferry Suite 959,Rodriguezstad,Washington,08640,-40.903877,-14.663117
Kirsten Young,56,53441 Ryan Land,Annetteshire,Arizona,34274,81.702857,-10.8043295
Jessica Stark,52,88611 Jill Locks Apt. 353,Dawnside,Montana,31079,-92.515237,51.674506
Edwin Holland,38,5810 Jones Crossroad,Tuckertown,New Mexico,49190,-99.898546,-72.2953575
Amber Wood,74,072 Daniel Tunnel Suite 348,Port Aaron,Ohio,29658,-63.932154,-77.6342655
Richard Acosta,19,458 Scott Passage Suite 752,Jasonberg,Alabama,93402,-46.497919,-68.4167195
Peter Wilson,77,33034 Janice Common Apt. 411,Johnmouth,Massachusetts,96440,-65.573645,-15.926949
Shelby Brown,56,42790 Leah Ferry Suite 350,Paulview,Wyoming,09416,-107.557584,-36.5950625
Shawn Reed,66,9258 Clayton Lakes,Dianatown,Oregon,51044,18.051883,-18.636332
Timothy Brown,43,051 Suzanne Mission,Lake Nicole,New Mexico,32627,-147.812772,-2.4510365
Rachel Farmer,23,1321 Gerald Locks,Rojasland,Arkansas,84807,66.165744,32.692803
Michael Allen,55,5182 Dyer Cove Suite 759,South Amanda,Ohio,54737,88.104022,-43.1683825
Brenda Klein,56,5117 Larry Creek Suite 364,New Michaelland,Arkansas,40776,-142.902221,-58.0001945
Austin Rice,18,7304 Mary Alley,Port Stacy,Nevada,17952,-53.669066,-72.2459205
Lindsay Montoya,73,0360 Jody Fords Apt. 252,Transtad,Nevada,06095,-110.443899,-13.1703905
Mark Jenkins,48,3181 Hebert Run,New Kim,Washington,25818,77.888200,29.296274
Michelle Smith,77,284 Jared Lodge,Sarahton,Arizona,05962,21.916801,38.346264
Susan Hensley,46,058 Mclean Viaduct Suite 934,Averyton,Texas,78484,-159.579852,51.7185895
Michael Jones,78,21355 Terry Fall,South Timothytown,New Mexico,76085,-75.112345,-40.6111455
Andrew Parker,43,546 White Lodge Apt. 297,Gregfurt,Delaware,08424,33.500159,-37.7135965
Arthur Hickman,36,1235 Holly Loop Apt. 874,Brandonchester,Louisiana,50381,-50.304827,-33.980283
Tammy Wheeler,19,41956 Garza Ferry Suite 330,East Adrianshire,Alabama,04196,145.615604,-16.5451895
Nancy Bell,80,254 Abigail Harbors,South Leonard,Arizona,05370,-174.741767,-52.498382
Kevin Nichols,52,40489 Lisa Trafficway Apt. 903,East Jennifer,North Dakota,37775,61.302869,44.226816
Kenneth White,23,339 Rebecca Highway,Barnettton,Nebraska,87439,-176.849453,61.583894
Maria Rivas,26,6525 Justin Court,New Debrastad,Hawaii,03401,-171.726925,44.612618
Carol Mills,45,309 Robert Junction Suite 066,New Maureen,Montana,08614,-41.732909,-19.631775
Christopher Murphy,44,3317 Villa Hollow Apt. 496,Sandyshire,Virginia,42018,-93.660030,59.532666
Melissa Fowler,39,67241 Charles Dale,Port Rachelbury,Delaware,32239,174.859639,5.839081
Tamara Anderson,42,703 Andrews Forges,New Jamesberg,New Mexico,14538,-166.709683,-70.407822
Brenda Parker,63,6764 Joshua Shoals Apt. 681,Sullivanborough,Rhode Island,32092,143.732776,22.3551085
Adam Mcmillan,24,94357 Olivia Shores,West Dawn,Tennessee,43685,-129.251375,8.482512
Andrew Wiley,58,2345 William Land,Briggshaven,North Dakota,62928,39.225525,-67.707731
Susan Newton,34,441 Joshua Point Suite 565,Anthonyfort,Washington,33933,40.093535,-49.338975
Matthew Lewis,24,076 Douglas Camp,Ronaldshire,Georgia,74332,165.804537,-11.5532125
Christopher Combs MD,69,87213 Maria Falls,Maxwellstad,Wisconsin,46062,111.900065,46.763766
Jordan Perry,64,8628 Soto Corner,Johnside,New Hampshire,88028,122.966833,28.041176
Lauren Thompson,21,9845 Wood Court,Matthewborough,New York,12413,118.990194,23.051262
Susan Davis,50,8582 Bryan Pass Apt. 844,South Justin,Wisconsin,93881,12.072160,33.9206745
Jason Osborne,64,6287 Donovan Row Apt. 736,West Ian,Louisiana,51922,116.369771,75.9652645
Nicholas Shaw MD,31,2426 Patricia Ways Suite 355,Simonborough,Hawaii,78858,156.215770,14.565153
Jerry Strong,24,367 Andrade Tunnel,East Vanessaview,Alabama,20167,149.538759,-78.5649945
Donna Ellis,44,1051 Anthony Isle Apt. 930,East Karla,New Mexico,49821,-54.571538,31.467898
Harry Carpenter,25,2633 Megan Stravenue,Shelbyshire,New York,09745,40.165676,-19.9942915
Kathryn Jones,18,5861 Anita Canyon,East Juliaview,Connecticut,31122,105.583246,-29.2419015
Brett Jensen,18,86468 George Mountain Apt. 633,Kelseyport,Florida,14658,97.104412,81.4000425
Nicholas Long,57,7129 Taylor Oval Suite 205,West Christina,Oklahoma,45048,122.905006,-46.9717915
Adam Jones,18,713 Katherine Rest,North Elizabethtown,Rhode Island,81708,26.418532,20.2941455
Gerald Mcdaniel,55,3384 Shelley Village Suite 951,Jeffreyberg,Delaware,98753,-104.848460,-60.832679
Dustin Porter,18,838 Jones Keys Apt. 870,Reynoldstown,Virginia,96577,-162.834813,-5.909000
John Cannon,22,972 Brent Course Apt. 008,Freemanland,Ohio,66509,112.815578,53.6881225
William Holmes,50,74075 Kenneth Circles,Brandonton,New Hampshire,69823,-12.057561,0.3098185
Douglas Manning,32,154 John Neck,West Rodneyton,Maine,86467,172.711659,87.256968
Katherine Hernandez,55,17782 Brian Locks Apt. 857,Garciahaven,Arkansas,84317,-33.807048,-25.145503
George Moore,71,809 Annette Field,Jamesside,West Virginia,96367,167.895140,75.5732935
Samuel Davidson,77,38138 Johnny Run Apt. 334,Jesseville,Pennsylvania,53014,8.230916,-38.753879
Shelby Miller,68,411 Johnston Fort,West Luis,Alabama,45133,66.746077,-36.426551
Paul Williams,48,539 Davis View Apt. 485,New Alisonfort,Washington,03328,-40.452407,-22.8640565
Richard Bradley,67,548 White Loop Apt. 477,Port Anthony,Oregon,29106,-83.340158,-77.5599655
Jessica Alexander,61,523 Tanya Harbor Apt. 948,Lisafurt,Arkansas,58964,3.097220,21.9235615
Kathryn Mcbride,54,2795 Sherri Centers,East Jeffrey,Alaska,20937,-37.595607,51.1038965
Justin Harding,30,946 Grimes Roads,North Danielleton,Kansas,39059,40.288473,-30.0903125
Ryan Gordon,65,625 Smith Falls Suite 583,Johnsonchester,Connecticut,83410,21.733489,-0.269054
Aaron Kim,47,94050 Brown Village Apt. 280,South Diana,Indiana,72597,47.233150,13.9727475
Timothy Snyder,52,0781 Schroeder Gateway,New Jasonview,Pennsylvania,05921,-71.153371,-38.303608
Nathan Thomas,34,9221 Adam Valleys,West Walterchester,Vermont,24486,-126.550935,35.425821
Andrea Lopez,37,20428 Monica Stream,South Frank,North Carolina,43817,135.126921,78.672401
Thomas Edwards,27,1299 Alexandra Shores Apt. 167,Bishopview,New Mexico,53340,24.938502,-86.051917
Nancy Clarke,60,803 Guzman Stream,Ericton,Wisconsin,65619,-6.888046,34.907740
Richard Anderson,62,7463 Dixon Viaduct Suite 934,West Victoriastad,Idaho,48340,-98.345362,85.415347
William Reed,80,292 Jacob Port Suite 927,Jessicafort,Oregon,19593,140.195539,-22.2174165
Leslie Erickson,29,232 Amy Plaza Apt. 566,Hensleytown,Vermont,23867,-113.587198,72.0299605
Andrea Rodriguez,38,8671 Michele Trail Apt. 114,West Kelly,Vermont,18124,-147.174401,82.244296
James Cross,59,24508 Veronica Drive Suite 315,Ianchester,New Hampshire,03861,115.010822,88.3025615
Elizabeth Phelps,35,349 Ashlee Circles Suite 349,Pierceside,Tennessee,48962,155.906371,83.7905305
Linda Williams,79,7527 Misty Squares Apt. 809,Wilsonville,Kansas,63049,10.815496,58.3353285
Kevin Leblanc,63,8059 Miller Mountains,South Matthewberg,Alabama,78212,105.686817,-84.5893425
Nicholas Boyd,73,70440 Moore Village,Thomashaven,New York,13754,-26.363685,0.5284485
Paul Williams,44,082 Barnes Streets,Port Jennifer,Illinois,55606,158.938137,-21.807788
Willie Ramirez,64,7307 Stephen Extension Suite 270,South Teresaview,Oklahoma,25919,99.090645,-2.485648
Jessica Walsh,80,0134 Gross Bypass,East John,North Carolina,73494,62.324174,30.924373
Nicole Jackson,25,84504 Shawn Trail Suite 376,Howellton,Nevada,68256,-132.713351,-77.0555775
William Jones,58,7814 David Hollow,Annatown,Wisconsin,56890,82.621798,-73.7240565
Leslie Armstrong,42,536 Jackson Dale,South Loriland,Louisiana,68663,-62.381945,-77.734238
Christina Hughes,24,857 Ronald Roads Suite 155,Middletonton,Connecticut,58191,3.548675,-38.217302
Tammy Gibbs,25,35742 Ochoa Mountain,Matthewshire,Maryland,46688,-38.710824,11.467669
Emily Wolf,26,723 Miles Greens Apt. 421,North Lauren,California,65467,-64.884246,-86.2648075
Phyllis Morrison,19,09350 Mckinney Square,Port Williamfurt,Colorado,16290,-39.628533,48.505343
Amy Jordan,69,914 Steven Fords Suite 909,Brendanville,Arizona,23305,-37.291708,66.847530
Mark Martin,19,017 Anthony Bridge Apt. 243,Russellville,Colorado,31731,-144.127902,-47.3419015
Michael Hughes,43,40207 Hall Avenue Suite 375,Danielsmouth,Wisconsin,77574,-76.357728,21.3546315
Brett Smith,70,29617 William Viaduct,South Brucehaven,Florida,44476,-162.628456,-14.5502295
Michelle White MD,40,5709 Murillo Land Suite 917,Johnsonton,Michigan,73169,179.921025,-72.984125
Kevin Wilson,42,94885 Sean Trafficway Suite 920,Doyleberg,Maryland,13820,-94.314729,-17.843278
Martin Ramos,36,91549 Crystal Village,North William,Illinois,04295,-169.218940,-29.8199445
Mark Green,49,78486 Hill Cove,Daltonberg,Washington,77268,164.911660,-13.476382
Jason Smith,40,453 Lee View,Nicholsfort,Kentucky,08328,144.955340,-17.898448
Heather Benitez,42,627 Sean Ranch,Robertport,New Hampshire,61996,-133.544600,-79.398135
Justin Anderson,69,67559 Cook Estate Suite 538,East Amyport,California,81971,95.122647,-72.691985
Alan Frye,49,83712 Gary Squares Suite 830,Elizabethbury,Delaware,96142,16.531399,28.612996
Miranda Banks DVM,55,36860 Haley Causeway Apt. 302,North Michelleshire,Louisiana,33067,-112.646386,29.3913325
Gregory Ibarra,37,207 Cameron Center Suite 914,New Matthewside,Massachusetts,79952,65.378257,55.9139655
Anthony Sanders,18,5758 Patterson Rapids Apt. 982,Lindabury,California,52349,-112.383902,53.5979695
Robert Berry,28,52474 Andrea Estates Apt. 304,Andrealand,Kentucky,45364,15.244026,-60.837716
Derrick Roberson,49,9187 Valerie Fork,Port Cynthia,Maryland,11613,54.094617,-49.1994625
Emily Jackson,29,45267 Rebecca Terrace,South Billyfort,Vermont,31601,-26.867121,26.2938665
Terri Barnes,20,0767 Zachary Mills,Dianaberg,Alaska,67068,-26.866515,4.6486035
Tom Wade,41,735 Williams Causeway Apt. 835,Christianhaven,Michigan,61059,-148.462076,34.1049115
Austin Kirk,68,858 Kathleen Orchard Apt. 551,South Robert,Hawaii,45623,-86.650673,65.2275165
Christopher Matthews,19,37017 Edward Vista Apt. 220,Caseystad,Utah,76745,92.320933,12.635136
Joan Pugh,23,750 Brown Square,Lake Melissamouth,Virginia,11689,77.453767,40.696903
Brooke Hernandez,29,10841 Aguirre Ridge,Stokesfurt,Nevada,13428,53.562636,78.357408
Richard Smith,54,663 Cynthia Causeway Apt. 734,Kaylamouth,Georgia,69882,-68.545683,87.478327
Richard Moore,58,7397 Anthony Stravenue,Gardnertown,New Hampshire,46882,157.451179,0.6052675
Patrick Carr,57,6895 Coleman Road,Kevinhaven,Colorado,66966,66.517154,-34.6475425
John Smith,62,091 Jake Ford,Johnsonland,California,19916,-10.171555,-32.1638725
Julian Miller,67,96029 Jason Fords Suite 974,South Michaelton,Texas,52994,83.615466,67.088961
Thomas Melton,52,83041 Marie Vista Suite 166,South Nancy,New Jersey,12611,-139.710099,51.682794
Heather Foster,55,2604 White Prairie,Lake Amyborough,West Virginia,49717,-132.306806,-47.550859
Samantha Khan,78,6190 Kennedy Way,Ronaldport,Virginia,41959,123.961780,45.156593
Justin Peters,44,496 Emily Trail,Penaside,Alabama,32122,-159.153031,-66.472497
Kathy Moreno,69,4016 Katherine Rest Apt. 196,East Lauriehaven,Oklahoma,05499,162.038526,46.3322915
Jessica Haynes,28,529 Wolf Path,North Sherryhaven,Pennsylvania,38541,17.181424,-24.129213
Melissa Everett DVM,45,5214 Matthew Divide,Jenniferside,Maryland,14178,28.888174,83.7750225
Lisa Rodriguez,25,937 Jenna Meadows Apt. 619,Jenniferport,Minnesota,97967,-111.887798,13.331147
Danielle Frazier,52,2237 Jasmine Trail,Anthonyside,Arizona,43044,-69.022856,-70.4621895
Caitlin Mccullough,64,16842 King Ferry Apt. 535,Gutierrezbury,Maryland,94688,-151.559677,12.8626635
Eric Carrillo,58,1834 Dean Curve Suite 802,Novaktown,Tennessee,39946,172.582102,24.078294
Tina Luna,30,1096 Michael Road,Lynnmouth,Montana,78826,43.139674,22.970320
Jennifer Macdonald,47,279 Daniel Forges Suite 493,Herreraborough,Colorado,25865,25.120465,-54.334183
Ryan Randolph,27,4824 Heather Mills Apt. 538,Lake Wendyview,Kansas,14695,-148.989704,-67.454093
Gary Ryan,33,617 Holmes Hollow,Mooreburgh,Maine,37036,34.535850,25.729607
Samantha Harrison,23,091 Raymond View Suite 450,East Christinefort,Idaho,60624,-165.396565,-29.9620825
Shane Lewis,74,0076 Vincent Shores,Jacksonburgh,Pennsylvania,96836,50.893345,33.880412
Michael Hebert,68,16442 Casey Field Apt. 548,Colleenside,Virginia,79490,-51.604905,22.8153465
Stephen Green,27,14098 Morales Creek,East Christopherport,Connecticut,10272,-102.242875,2.955271
Autumn Jackson,76,8016 Schroeder Trace,Lake Troy,Alabama,78783,6.568626,89.5421205
Ashley Stuart,19,87927 Wright Haven Apt. 449,Lake Keith,Washington,89834,120.923314,45.059769
Christopher Frederick,74,828 Allison Valley Suite 015,Kristimouth,Connecticut,11666,87.502183,56.925493
Gabriella Reed,59,172 Cochran Ridge Apt. 208,New Michael,Montana,90071,57.130095,-20.339729
Ryan Miller,80,0172 Mary Locks Suite 438,North Johnview,Nebraska,72301,128.132885,10.0907855
James Wilkins,61,494 Chen Glens Apt. 046,Chelseaview,Pennsylvania,86855,68.055905,-57.182091
Larry Davis,43,9385 Moss Crossroad,Lake Christopherborough,New Hampshire,96243,159.976601,77.8724185
Amy Smith,75,7111 Jonathan Spring,South Jorgeburgh,North Dakota,21366,-133.190849,-37.6669475
Cheryl Green,37,708 Harris Road,Scottland,Nevada,69635,-98.016393,26.866168
Melinda Phillips,37,21730 Scott Station Suite 117,Patrickchester,Louisiana,60733,-82.285117,-20.465388
Elizabeth Williams,50,62543 Jennifer Skyway,South Charles,Colorado,32024,126.559017,-19.814622
Ariana Taylor,50,7597 Denise Isle Suite 721,Phillipsfurt,Wyoming,10787,175.472582,53.2088295
Christopher Shepard,71,6563 Bishop Common,Joshualand,Maine,74135,151.185186,18.399281
Jeffrey Ward,47,205 Hunt Drives,Simpsonport,North Dakota,85885,63.554757,-48.516604
Brandy Hamilton,67,6140 Arthur Spurs Suite 635,New Edwin,New Hampshire,17532,-103.183808,-87.374147
Samuel Spencer,43,26142 Dawn Court Suite 046,Coxmouth,Oregon,06388,-25.897403,29.2467195
Richard Morales,41,15843 Wang Drive,Justinmouth,Idaho,22235,179.826609,-36.014752
Cory Walton,62,6712 Sandoval Extensions Apt. 143,South Justinfurt,New Mexico,03820,-17.903597,-12.639181
Dustin Wilson,38,3205 Mcdonald Fords Apt. 900,Evelynborough,Indiana,62077,-18.979115,-79.579803
Samuel Williams,67,025 Barber Drive Apt. 560,Petersonstad,Hawaii,04324,73.850912,5.9195065
Corey Curtis,60,4451 Mariah Brooks,Lake Gregoryfurt,Tennessee,22673,-116.187628,68.2482365
Diane Zamora,41,817 Margaret Streets,North Charlestown,Maine,37244,17.811704,20.2608945
Brandon Ingram,32,525 Ferguson Mills Apt. 560,Mathewsmouth,Alaska,08596,-15.672983,-37.7598105
Mary Green,45,26552 Webster Points Suite 813,Stephenburgh,Florida,46021,-31.418628,31.216406
Bethany Mcguire,57,0391 Palmer Roads,South Victoriaton,Tennessee,97281,-18.060709,-82.198901
Cody Hicks,28,9056 Jeffrey Mountain Apt. 986,Rebeccamouth,Texas,31334,29.010304,4.831095
Joseph Fowler,69,6282 Jones Hollow Suite 976,Jonesfort,Maine,71883,-138.998854,-20.490844
Katelyn Kaiser,61,429 Timothy Roads,Wallacemouth,Indiana,90257,50.262119,-45.1094095
David Diaz,35,3367 Michael Flat,Raymondside,Vermont,24459,-14.843935,41.970941
Philip Marks DDS,44,20549 Richard Plaza Apt. 715,Michellebury,South Dakota,56265,51.778303,51.3662935
Robert Shepherd,52,111 Hannah Gardens,Lake Johnstad,Iowa,39543,-91.395027,-26.164405
Laura Duncan,74,66924 Evans Prairie,Williamsonton,Maine,91566,47.946102,-59.923905
Kayla Martin,32,7761 Gabrielle Field Suite 355,North Williamhaven,Vermont,91227,-41.428077,67.660375
Alexander Strickland,32,671 Simmons Trail,Laurenside,Tennessee,68170,64.414561,71.038842
Rebecca Scott,67,863 Pamela Path,Saraton,Colorado,25324,-9.595244,41.2304025
Nicholas Carrillo,36,73782 Brooks Fords,Robertton,Louisiana,23256,176.538224,-69.705726
Erin Murillo,53,381 Laura Garden,Kelseyview,North Carolina,59830,11.345608,54.378542
Alicia Romero,49,97967 Gary Road,Port Ryanberg,Hawaii,38829,57.576516,78.927317
Tammy Schultz,46,394 Richardson Roads,Lake Michael,Michigan,34825,4.788451,-84.945220
Madison Martin,30,078 Gordon Tunnel Suite 180,Joneshaven,Alabama,08954,36.417751,-1.4218145
Kristy Nichols,39,756 Amy Manor,East Gregory,California,94508,107.217438,-63.2105135
Michael Reese,27,206 Singleton Circle Apt. 915,Ferrellmouth,Alaska,43779,126.200778,-85.8521565
April Powell,78,7592 Flores Burgs Apt. 011,Toddshire,Kansas,70128,-15.880438,-35.555737
Diane Serrano,67,7349 Sanchez Mountains Suite 657,North Andrewport,New York,58708,170.283320,-56.9924375
Selena Powell,67,47059 Steven Locks,Port Krystal,Texas,02919,-148.962289,12.9040815
Katherine Turner,67,084 Maureen Trace Suite 462,Lake Eric,New Hampshire,87651,-54.444667,-46.3639055
Nicole Nguyen,56,2052 Gonzalez Fort,Angelaberg,Maine,03098,5.789027,-57.695994
Kathleen Ford,42,93911 Lee Road,Port Katrina,Arizona,38890,-95.605041,11.9415025
Rachel Stuart,65,7937 Martinez Isle,Josephburgh,Mississippi,06531,8.660099,-54.559997
Alexandra Figueroa,22,874 Salas Locks Apt. 341,East Zacharyshire,Montana,86794,103.365585,24.6475165
Joseph Franklin,77,589 Willis Parkways,West Jeffreyland,Alaska,09088,175.591566,-81.727140
Lawrence Holland,68,5767 Garcia Grove Apt. 818,Lake Jenniferville,Delaware,74881,-38.176337,67.8363725
Anthony Martinez,75,04276 Guerrero Lake,Crawfordmouth,Wisconsin,93997,22.502868,-15.5350285
Kevin Austin,74,70274 Jenkins Path,Scotttown,Kentucky,68005,-9.643214,-86.2289575
Alyssa Jackson,32,846 Jones Knoll,Lake Rebecca,California,31927,-67.714378,-54.076390
Joyce Walker,27,5495 Victor Cove Apt. 566,East Aaronstad,Virginia,31244,-104.993314,15.0003485
Monica Rios,70,5408 Watson Greens Apt. 102,Destinystad,Florida,32019,-74.926751,9.9568255
Jeanne Church,62,7536 Townsend Coves Apt. 098,Danielbury,Connecticut,74588,-175.945400,14.4474625
